Date,EUDOLLR
07/05/2004,0.83967
10/05/2004,0.84345
11/05/2004,0.84699
12/05/2004,0.84051
13/05/2004,0.84477
14/05/2004,0.84349
17/05/2004,0.83351
18/05/2004,0.83609
19/05/2004,0.83101
20/05/2004,0.83847
21/05/2004,0.83209
24/05/2004,0.83595
25/05/2004,0.82621
26/05/2004,0.82696
27/05/2004,0.81543
28/05/2004,0.8189
31/05/2004,0.8189
01/06/2004,0.81823
02/06/2004,0.81476
03/06/2004,0.81676
04/06/2004,0.81696
07/06/2004,0.81238
08/06/2004,0.81529
09/06/2004,0.82703
10/06/2004,0.82696
11/06/2004,0.8326
14/06/2004,0.82751
15/06/2004,0.82799
16/06/2004,0.83267
17/06/2004,0.83091
18/06/2004,0.82471
21/06/2004,0.82689
22/06/2004,0.82703
23/06/2004,0.8271
24/06/2004,0.82119
25/06/2004,0.82389
28/06/2004,0.82031
29/06/2004,0.82532
30/06/2004,0.82193
01/07/2004,0.82254
02/07/2004,0.81298
05/07/2004,0.81483
06/07/2004,0.81483
07/07/2004,0.8089
08/07/2004,0.80642
09/07/2004,0.80717
12/07/2004,0.80603
13/07/2004,0.81146
14/07/2004,0.80714
15/07/2004,0.80831
16/07/2004,0.8035
19/07/2004,0.80499
20/07/2004,0.80792
21/07/2004,0.81803
22/07/2004,0.8149
23/07/2004,0.82525
26/07/2004,0.82294
27/07/2004,0.82867
28/07/2004,0.8306
29/07/2004,0.8285
30/07/2004,0.8306
02/08/2004,0.83088
03/08/2004,0.82902
04/08/2004,0.8295
05/08/2004,0.83012
06/08/2004,0.81583
09/08/2004,0.81589
10/08/2004,0.81205
11/08/2004,0.81937
12/08/2004,0.81763
13/08/2004,0.80955
16/08/2004,0.81014
17/08/2004,0.81106
18/08/2004,0.8135
19/08/2004,0.80916
20/08/2004,0.81133
23/08/2004,0.81917
24/08/2004,0.82498
25/08/2004,0.82669
26/08/2004,0.82706
27/08/2004,0.83081
30/08/2004,0.83043
31/08/2004,0.82284
01/09/2004,0.82166
02/09/2004,0.82267
03/09/2004,0.82963
06/09/2004,0.82799
07/09/2004,0.82799
08/09/2004,0.82457
09/09/2004,0.82193
10/09/2004,0.81324
13/09/2004,0.81669
14/09/2004,0.81423
15/09/2004,0.82328
16/09/2004,0.82383
17/09/2004,0.82206
20/09/2004,0.82321
21/09/2004,0.81596
22/09/2004,0.81709
23/09/2004,0.81324
24/09/2004,0.81516
27/09/2004,0.81311
28/09/2004,0.81218
29/09/2004,0.81205
30/09/2004,0.80515
01/10/2004,0.80681
04/10/2004,0.81559
05/10/2004,0.81258
06/10/2004,0.81278
07/10/2004,0.81397
08/10/2004,0.80544
11/10/2004,0.80772
12/10/2004,0.81248
13/10/2004,0.81523
14/10/2004,0.80687
15/10/2004,0.80119
18/10/2004,0.79882
19/10/2004,0.79888
20/10/2004,0.79337
21/10/2004,0.79318
22/10/2004,0.79167
25/10/2004,0.78275
26/10/2004,0.78281
27/10/2004,0.78305
28/10/2004,0.78521
29/10/2004,0.78613
01/11/2004,0.78462
02/11/2004,0.78743
03/11/2004,0.78122
04/11/2004,0.77625
05/11/2004,0.7745
08/11/2004,0.77217
09/11/2004,0.77438
10/11/2004,0.7742
11/11/2004,0.77549
12/11/2004,0.77325
15/11/2004,0.77277
16/11/2004,0.77056
17/11/2004,0.76778
18/11/2004,0.76991
19/11/2004,0.76578
22/11/2004,0.76672
23/11/2004,0.76403
24/11/2004,0.75991
25/11/2004,0.75532
26/11/2004,0.75415
29/11/2004,0.7527
30/11/2004,0.75242
01/12/2004,0.75157
02/12/2004,0.75361
03/12/2004,0.74792
06/12/2004,0.7448
07/12/2004,0.74474
08/12/2004,0.75375
09/12/2004,0.75429
10/12/2004,0.75629
13/12/2004,0.75202
14/12/2004,0.75281
15/12/2004,0.74507
16/12/2004,0.75264
17/12/2004,0.75449
20/12/2004,0.74585
21/12/2004,0.74825
22/12/2004,0.74705
23/12/2004,0.7406
24/12/2004,0.73869
27/12/2004,0.73411
28/12/2004,0.73516
29/12/2004,0.73608
30/12/2004,0.73368
31/12/2004,0.7357
03/01/2005,0.74289
04/01/2005,0.7523
05/01/2005,0.75321
06/01/2005,0.75919
07/01/2005,0.76643
10/01/2005,0.76362
11/01/2005,0.76043
12/01/2005,0.7527
13/01/2005,0.75743
14/01/2005,0.76368
17/01/2005,0.76432
18/01/2005,0.76784
19/01/2005,0.76725
20/01/2005,0.77208
21/01/2005,0.76932
24/01/2005,0.76667
25/01/2005,0.77181
26/01/2005,0.76502
27/01/2005,0.76696
28/01/2005,0.76867
31/01/2005,0.76714
01/02/2005,0.76885
02/02/2005,0.76725
03/02/2005,0.77193
04/02/2005,0.77265
07/02/2005,0.77933
08/02/2005,0.78312
09/02/2005,0.78189
10/02/2005,0.77564
11/02/2005,0.77661
14/02/2005,0.77134
15/02/2005,0.77116
16/02/2005,0.77015
17/02/2005,0.76543
18/02/2005,0.76537
21/02/2005,0.76502
22/02/2005,0.75634
23/02/2005,0.75795
24/02/2005,0.75732
25/02/2005,0.75812
28/02/2005,0.75338
01/03/2005,0.75841
02/03/2005,0.76249
03/03/2005,0.76176
04/03/2005,0.75503
07/03/2005,0.75812
08/03/2005,0.74932
09/03/2005,0.74847
10/03/2005,0.74574
11/03/2005,0.74294
14/03/2005,0.74792
15/03/2005,0.75117
16/03/2005,0.74463
17/03/2005,0.74741
18/03/2005,0.75259
21/03/2005,0.75858
22/03/2005,0.75737
23/03/2005,0.76849
24/03/2005,0.77122
25/03/2005,0.77122
28/03/2005,0.77667
29/03/2005,0.77438
30/03/2005,0.77146
31/03/2005,0.76944
01/04/2005,0.77158
04/04/2005,0.7797
05/04/2005,0.77891
06/04/2005,0.77821
07/04/2005,0.77498
08/04/2005,0.77836
11/04/2005,0.77163
12/04/2005,0.77616
13/04/2005,0.77534
14/04/2005,0.78076
15/04/2005,0.77337
18/04/2005,0.76849
19/04/2005,0.76714
20/04/2005,0.76529
21/04/2005,0.76286
22/04/2005,0.7645
25/04/2005,0.77051
26/04/2005,0.77169
27/04/2005,0.77137
28/04/2005,0.77426
29/04/2005,0.77462
02/05/2005,0.77891
03/05/2005,0.77595
04/05/2005,0.77187
05/05/2005,0.7728
06/05/2005,0.77845
09/05/2005,0.77964
10/05/2005,0.77649
11/05/2005,0.78037
12/05/2005,0.78663
13/05/2005,0.79073
16/05/2005,0.7923
17/05/2005,0.79161
18/05/2005,0.7913
19/05/2005,0.79242
20/05/2005,0.7971
23/05/2005,0.79482
24/05/2005,0.79475
25/05/2005,0.794
26/05/2005,0.79856
27/05/2005,0.79716
30/05/2005,0.80164
31/05/2005,0.80988
01/06/2005,0.81546
02/06/2005,0.81407
03/06/2005,0.81476
06/06/2005,0.81417
07/06/2005,0.81496
08/06/2005,0.81113
09/06/2005,0.82018
10/06/2005,0.82491
13/06/2005,0.83074
14/06/2005,0.83019
15/06/2005,0.8258
16/06/2005,0.82751
17/06/2005,0.81763
20/06/2005,0.82393
21/06/2005,0.8241
22/06/2005,0.82423
23/06/2005,0.82977
24/06/2005,0.82727
27/06/2005,0.82227
28/06/2005,0.82785
29/06/2005,0.8286
30/06/2005,0.826
01/07/2005,0.8356
04/07/2005,0.83988
05/07/2005,0.83981
06/07/2005,0.8384
07/07/2005,0.83672
08/07/2005,0.83798
11/07/2005,0.8286
12/07/2005,0.81971
13/07/2005,0.82696
14/07/2005,0.82621
15/07/2005,0.83039
18/07/2005,0.82929
19/07/2005,0.83399
20/07/2005,0.8324
21/07/2005,0.82512
22/07/2005,0.82546
25/07/2005,0.82881
26/07/2005,0.83177
27/07/2005,0.83067
28/07/2005,0.82757
29/07/2005,0.82328
01/08/2005,0.8191
02/08/2005,0.8191
03/08/2005,0.81192
04/08/2005,0.80844
05/08/2005,0.81054
08/08/2005,0.8087
09/08/2005,0.80995
10/08/2005,0.80756
11/08/2005,0.80383
12/08/2005,0.80434
15/08/2005,0.80867
16/08/2005,0.81126
17/08/2005,0.81271
18/08/2005,0.82139
19/08/2005,0.82349
22/08/2005,0.81749
23/08/2005,0.81944
24/08/2005,0.81609
25/08/2005,0.81377
26/08/2005,0.81093
29/08/2005,0.81503
30/08/2005,0.82024
31/08/2005,0.81311
01/09/2005,0.80215
02/09/2005,0.79697
05/09/2005,0.79895
06/09/2005,0.80119
07/09/2005,0.80337
08/09/2005,0.80564
09/09/2005,0.8046
12/09/2005,0.81403
13/09/2005,0.8145
14/09/2005,0.81271
15/09/2005,0.8185
16/09/2005,0.81857
19/09/2005,0.82321
20/09/2005,0.82152
21/09/2005,0.8179
22/09/2005,0.82335
23/09/2005,0.82857
26/09/2005,0.83115
27/09/2005,0.83302
28/09/2005,0.83274
29/09/2005,0.83254
30/09/2005,0.82943
03/10/2005,0.83967
04/10/2005,0.8377
05/10/2005,0.83651
06/10/2005,0.82416
07/10/2005,0.82539
10/10/2005,0.83025
11/10/2005,0.83365
12/10/2005,0.83136
13/10/2005,0.83801
14/10/2005,0.82843
17/10/2005,0.83129
18/10/2005,0.83833
19/10/2005,0.83441
20/10/2005,0.83469
21/10/2005,0.83226
24/10/2005,0.83476
25/10/2005,0.82648
26/10/2005,0.82792
27/10/2005,0.82335
28/10/2005,0.82641
31/10/2005,0.8349
01/11/2005,0.83399
02/11/2005,0.82881
03/11/2005,0.83299
04/11/2005,0.84649
07/11/2005,0.84785
08/11/2005,0.85045
09/11/2005,0.85226
10/11/2005,0.85132
11/11/2005,0.8543
14/11/2005,0.85459
15/11/2005,0.85664
16/11/2005,0.85745
17/11/2005,0.85277
18/11/2005,0.85423
21/11/2005,0.85182
22/11/2005,0.85342
23/11/2005,0.84807
24/11/2005,0.84836
25/11/2005,0.85233
28/11/2005,0.84792
29/11/2005,0.85016
30/11/2005,0.84821
01/12/2005,0.85375
02/12/2005,0.85525
05/12/2005,0.8503
06/12/2005,0.84911
07/12/2005,0.85306
08/12/2005,0.84563
09/12/2005,0.84506
12/12/2005,0.83658
13/12/2005,0.83805
14/12/2005,0.83126
15/12/2005,0.83693
16/12/2005,0.83295
19/12/2005,0.83372
20/12/2005,0.84115
21/12/2005,0.84653
22/12/2005,0.84278
23/12/2005,0.84257
26/12/2005,0.84257
27/12/2005,0.84299
28/12/2005,0.83924
29/12/2005,0.84431
30/12/2005,0.84778
02/01/2006,0.84778
03/01/2006,0.8349
04/01/2006,0.82723
05/01/2006,0.82696
06/01/2006,0.82328
09/01/2006,0.82812
10/01/2006,0.82853
11/01/2006,0.82655
12/01/2006,0.83067
13/01/2006,0.82812
16/01/2006,0.82505
17/01/2006,0.82881
18/01/2006,0.82641
19/01/2006,0.82539
20/01/2006,0.82686
23/01/2006,0.81417
24/01/2006,0.81463
25/01/2006,0.81543
26/01/2006,0.81639
27/01/2006,0.82396
30/01/2006,0.82757
31/01/2006,0.82352
01/02/2006,0.82648
02/02/2006,0.8273
03/02/2006,0.8333
06/02/2006,0.83479
07/02/2006,0.83665
08/02/2006,0.83679
09/02/2006,0.83672
10/02/2006,0.83952
13/02/2006,0.83988
14/02/2006,0.84221
15/02/2006,0.84044
16/02/2006,0.84143
17/02/2006,0.83882
20/02/2006,0.83707
21/02/2006,0.84037
22/02/2006,0.84193
23/02/2006,0.83882
24/02/2006,0.84257
27/02/2006,0.84335
28/02/2006,0.83875
01/03/2006,0.83812
02/03/2006,0.83448
03/03/2006,0.83254
06/03/2006,0.83267
07/03/2006,0.84136
08/03/2006,0.83896
09/03/2006,0.83882
10/03/2006,0.84168
13/03/2006,0.83847
14/03/2006,0.83205
15/03/2006,0.83094
16/03/2006,0.82274
17/03/2006,0.82159
20/03/2006,0.82146
21/03/2006,0.82703
22/03/2006,0.8273
23/03/2006,0.83448
24/03/2006,0.8324
27/03/2006,0.83122
28/03/2006,0.82751
29/03/2006,0.83337
30/03/2006,0.82362
31/03/2006,0.82634
03/04/2006,0.82546
04/04/2006,0.81556
05/04/2006,0.81503
06/04/2006,0.81766
07/04/2006,0.82553
10/04/2006,0.82614
11/04/2006,0.82457
12/04/2006,0.82573
13/04/2006,0.82723
14/04/2006,0.82723
17/04/2006,0.8143
18/04/2006,0.81417
19/04/2006,0.81083
20/04/2006,0.81258
21/04/2006,0.81047
24/04/2006,0.80864
25/04/2006,0.80616
26/04/2006,0.80376
27/04/2006,0.79748
28/04/2006,0.79387
01/05/2006,0.79249
02/05/2006,0.79092
03/05/2006,0.79299
04/05/2006,0.78818
05/05/2006,0.78502
08/05/2006,0.78632
09/05/2006,0.78361
10/05/2006,0.78146
11/05/2006,0.78
12/05/2006,0.77625
15/05/2006,0.77933
16/05/2006,0.7783
17/05/2006,0.78207
18/05/2006,0.78061
19/05/2006,0.78706
22/05/2006,0.78037
23/05/2006,0.77824
24/05/2006,0.78361
25/05/2006,0.7825
26/05/2006,0.78613
29/05/2006,0.78398
30/05/2006,0.77589
31/05/2006,0.77854
01/06/2006,0.78015
02/06/2006,0.77337
05/06/2006,0.77271
06/06/2006,0.78037
07/06/2006,0.78275
08/06/2006,0.7913
09/06/2006,0.7908
12/06/2006,0.79463
13/06/2006,0.79602
14/06/2006,0.79255
15/06/2006,0.79224
16/06/2006,0.79117
19/06/2006,0.79659
20/06/2006,0.79532
21/06/2006,0.79105
22/06/2006,0.79526
23/06/2006,0.79895
26/06/2006,0.79672
27/06/2006,0.79393
28/06/2006,0.79824
29/06/2006,0.79754
30/06/2006,0.78207
03/07/2006,0.7811
04/07/2006,0.78134
05/07/2006,0.78632
06/07/2006,0.78416
07/07/2006,0.77988
10/07/2006,0.78502
11/07/2006,0.78428
12/07/2006,0.78818
13/07/2006,0.7878
14/07/2006,0.79148
17/07/2006,0.79882
18/07/2006,0.80048
19/07/2006,0.79583
20/07/2006,0.79073
21/07/2006,0.78824
24/07/2006,0.79205
25/07/2006,0.79195
26/07/2006,0.79268
27/07/2006,0.78533
28/07/2006,0.78336
31/07/2006,0.78361
01/08/2006,0.78478
02/08/2006,0.78061
03/08/2006,0.78174
04/08/2006,0.77552
07/08/2006,0.77764
08/08/2006,0.77897
09/08/2006,0.77613
10/08/2006,0.78281
11/08/2006,0.78336
14/08/2006,0.78465
15/08/2006,0.78207
16/08/2006,0.77806
17/08/2006,0.77748
18/08/2006,0.78
21/08/2006,0.77402
22/08/2006,0.78043
23/08/2006,0.78152
24/08/2006,0.78159
25/08/2006,0.78453
28/08/2006,0.78183
29/08/2006,0.78398
30/08/2006,0.77933
31/08/2006,0.78122
01/09/2006,0.78104
04/09/2006,0.77733
05/09/2006,0.78085
06/09/2006,0.78195
07/09/2006,0.78545
08/09/2006,0.78936
11/09/2006,0.78787
12/09/2006,0.78805
13/09/2006,0.7888
14/09/2006,0.78434
15/09/2006,0.79048
18/09/2006,0.7883
19/09/2006,0.78715
20/09/2006,0.78725
21/09/2006,0.7861
22/09/2006,0.7811
25/09/2006,0.78496
26/09/2006,0.78899
27/09/2006,0.78687
28/09/2006,0.78812
29/09/2006,0.78942
02/10/2006,0.78465
03/10/2006,0.78499
04/10/2006,0.78818
05/10/2006,0.78812
06/10/2006,0.7945
09/10/2006,0.79349
10/10/2006,0.79754
11/10/2006,0.79691
12/10/2006,0.7977
13/10/2006,0.80035
16/10/2006,0.79895
17/10/2006,0.79748
18/10/2006,0.79914
19/10/2006,0.79387
20/10/2006,0.79343
23/10/2006,0.79678
24/10/2006,0.79703
25/10/2006,0.79444
26/10/2006,0.7893
27/10/2006,0.78595
30/10/2006,0.78638
31/10/2006,0.78348
01/11/2006,0.78293
02/11/2006,0.78324
03/11/2006,0.78718
06/11/2006,0.78663
07/11/2006,0.78122
08/11/2006,0.78385
09/11/2006,0.78165
10/11/2006,0.77764
13/11/2006,0.78043
14/11/2006,0.78055
15/11/2006,0.78079
16/11/2006,0.78085
17/11/2006,0.77958
20/11/2006,0.78024
21/11/2006,0.77964
22/11/2006,0.77313
23/11/2006,0.77217
24/11/2006,0.7638
27/11/2006,0.76199
28/11/2006,0.76043
29/11/2006,0.76031
30/11/2006,0.7544
01/12/2006,0.74988
04/12/2006,0.7505
05/12/2006,0.75146
06/12/2006,0.75095
07/12/2006,0.75208
08/12/2006,0.75089
11/12/2006,0.75669
12/12/2006,0.75526
13/12/2006,0.75634
14/12/2006,0.75927
15/12/2006,0.76397
18/12/2006,0.76532
19/12/2006,0.7593
20/12/2006,0.7585
21/12/2006,0.75962
22/12/2006,0.76014
25/12/2006,0.76014
26/12/2006,0.76132
27/12/2006,0.76188
28/12/2006,0.76083
29/12/2006,0.75835
01/01/2007,0.75835
02/01/2007,0.75315
03/01/2007,0.75783
04/01/2007,0.76397
05/01/2007,0.76962
08/01/2007,0.76873
09/01/2007,0.76914
10/01/2007,0.77241
11/01/2007,0.77577
12/01/2007,0.77325
15/01/2007,0.77313
16/01/2007,0.77337
17/01/2007,0.77229
18/01/2007,0.77223
19/01/2007,0.77253
22/01/2007,0.77181
23/01/2007,0.76731
24/01/2007,0.77134
25/01/2007,0.77062
26/01/2007,0.77492
29/01/2007,0.77307
30/01/2007,0.77181
31/01/2007,0.76956
01/02/2007,0.7679
02/02/2007,0.77074
05/02/2007,0.77366
06/02/2007,0.77211
07/02/2007,0.76826
08/02/2007,0.76696
09/02/2007,0.76938
12/02/2007,0.77146
13/02/2007,0.76843
14/02/2007,0.76188
15/02/2007,0.76089
16/02/2007,0.76205
19/02/2007,0.76101
20/02/2007,0.76025
21/02/2007,0.76159
22/02/2007,0.76292
23/02/2007,0.7595
26/02/2007,0.75927
27/02/2007,0.75503
28/02/2007,0.75703
01/03/2007,0.75962
02/03/2007,0.75921
05/03/2007,0.76342
06/03/2007,0.76292
07/03/2007,0.76072
08/03/2007,0.76188
09/03/2007,0.76257
12/03/2007,0.75841
13/03/2007,0.7576
14/03/2007,0.75606
15/03/2007,0.75486
16/03/2007,0.75151
19/03/2007,0.75196
20/03/2007,0.75242
21/03/2007,0.75163
22/03/2007,0.74859
23/03/2007,0.75179
26/03/2007,0.75005
27/03/2007,0.7492
28/03/2007,0.74808
29/03/2007,0.74999
30/03/2007,0.75123
02/04/2007,0.74769
03/04/2007,0.7478
04/04/2007,0.74769
05/04/2007,0.74424
06/04/2007,0.74424
09/04/2007,0.74814
10/04/2007,0.74391
11/04/2007,0.74413
12/04/2007,0.74093
13/04/2007,0.74
16/04/2007,0.73809
17/04/2007,0.73689
18/04/2007,0.73619
19/04/2007,0.73489
20/04/2007,0.73565
23/04/2007,0.73714
24/04/2007,0.73408
25/04/2007,0.73204
26/04/2007,0.735
27/04/2007,0.73225
30/04/2007,0.73273
01/05/2007,0.73548
02/05/2007,0.73554
03/05/2007,0.73716
04/05/2007,0.73597
07/05/2007,0.73413
08/05/2007,0.73929
09/05/2007,0.73793
10/05/2007,0.74003
11/05/2007,0.73951
14/05/2007,0.73863
15/05/2007,0.73548
16/05/2007,0.73673
17/05/2007,0.74121
18/05/2007,0.74104
21/05/2007,0.74308
22/05/2007,0.7428
23/05/2007,0.74132
24/05/2007,0.7443
25/05/2007,0.74314
28/05/2007,0.74314
29/05/2007,0.74165
30/05/2007,0.74457
31/05/2007,0.74314
01/06/2007,0.74524
04/06/2007,0.74167
05/06/2007,0.73951
06/06/2007,0.74115
07/06/2007,0.74302
08/06/2007,0.74853
11/06/2007,0.74937
12/06/2007,0.75095
13/06/2007,0.75163
14/06/2007,0.75117
15/06/2007,0.74828
18/06/2007,0.74652
19/06/2007,0.7458
20/06/2007,0.7453
21/06/2007,0.74635
22/06/2007,0.74468
25/06/2007,0.74336
26/06/2007,0.74291
27/06/2007,0.74452
28/06/2007,0.74269
29/06/2007,0.74044
02/07/2007,0.73376
03/07/2007,0.73467
04/07/2007,0.73403
05/07/2007,0.73532
06/07/2007,0.73359
09/07/2007,0.73381
10/07/2007,0.72889
11/07/2007,0.7259
12/07/2007,0.72619
13/07/2007,0.72598
16/07/2007,0.72603
17/07/2007,0.7254
18/07/2007,0.72419
19/07/2007,0.72346
20/07/2007,0.72283
23/07/2007,0.72372
24/07/2007,0.72335
25/07/2007,0.72963
26/07/2007,0.72889
27/07/2007,0.73231
30/07/2007,0.73081
31/07/2007,0.73054
01/08/2007,0.73123
02/08/2007,0.73134
03/08/2007,0.72645
06/08/2007,0.72487
07/08/2007,0.72651
08/08/2007,0.72372
09/08/2007,0.72963
10/08/2007,0.73107
13/08/2007,0.73446
14/08/2007,0.73684
15/08/2007,0.74242
16/08/2007,0.74619
17/08/2007,0.73989
20/08/2007,0.74187
21/08/2007,0.74132
22/08/2007,0.73989
23/08/2007,0.73668
24/08/2007,0.73322
27/08/2007,0.73306
28/08/2007,0.733
29/08/2007,0.73273
30/08/2007,0.73333
31/08/2007,0.73354
03/09/2007,0.7347
04/09/2007,0.73597
05/09/2007,0.73257
06/09/2007,0.73038
07/09/2007,0.72656
10/09/2007,0.72503
11/09/2007,0.72283
12/09/2007,0.72018
13/09/2007,0.72041
14/09/2007,0.72106
17/09/2007,0.72111
18/09/2007,0.72101
19/09/2007,0.71646
20/09/2007,0.7099
21/09/2007,0.70955
24/09/2007,0.7096
25/09/2007,0.70804
26/09/2007,0.70814
27/09/2007,0.70664
28/09/2007,0.70316
01/10/2007,0.70212
02/10/2007,0.70654
03/10/2007,0.70694
04/10/2007,0.70744
05/10/2007,0.70709
08/10/2007,0.71101
09/10/2007,0.7098
10/10/2007,0.70604
11/10/2007,0.70237
12/10/2007,0.70564
15/10/2007,0.70301
16/10/2007,0.70641
17/10/2007,0.7044
18/10/2007,0.7003
19/10/2007,0.70173
22/10/2007,0.70694
23/10/2007,0.70217
24/10/2007,0.70281
25/10/2007,0.69898
26/10/2007,0.6951
29/10/2007,0.69428
30/10/2007,0.69331
31/10/2007,0.6912
01/11/2007,0.69278
02/11/2007,0.69054
05/11/2007,0.69106
06/11/2007,0.68724
07/11/2007,0.6819
08/11/2007,0.6808
09/11/2007,0.68127
12/11/2007,0.68792
13/11/2007,0.68481
14/11/2007,0.68071
15/11/2007,0.68364
16/11/2007,0.68341
19/11/2007,0.68238
20/11/2007,0.67657
21/11/2007,0.6746
22/11/2007,0.67347
23/11/2007,0.67565
26/11/2007,0.67388
27/11/2007,0.67292
28/11/2007,0.67767
29/11/2007,0.67698
30/11/2007,0.68127
03/12/2007,0.6822
04/12/2007,0.67781
05/12/2007,0.68229
06/12/2007,0.68395
07/12/2007,0.68243
10/12/2007,0.67965
11/12/2007,0.68057
12/12/2007,0.68127
13/12/2007,0.68481
14/12/2007,0.69274
17/12/2007,0.69553
18/12/2007,0.69432
19/12/2007,0.69505
20/12/2007,0.69713
21/12/2007,0.69582
24/12/2007,0.69428
25/12/2007,0.69428
26/12/2007,0.68954
27/12/2007,0.68641
28/12/2007,0.68006
31/12/2007,0.68397
01/01/2008,0.68397
02/01/2008,0.67909
03/01/2008,0.67923
04/01/2008,0.67684
07/01/2008,0.67946
08/01/2008,0.6796
09/01/2008,0.68173
10/01/2008,0.67863
11/01/2008,0.67606
14/01/2008,0.67202
15/01/2008,0.67324
16/01/2008,0.68104
17/01/2008,0.6808
18/01/2008,0.68378
21/01/2008,0.69066
22/01/2008,0.68425
23/01/2008,0.68698
24/01/2008,0.67969
25/01/2008,0.68039
28/01/2008,0.67588
29/01/2008,0.67716
30/01/2008,0.67634
31/01/2008,0.6754
01/02/2008,0.67465
04/02/2008,0.67497
05/02/2008,0.68294
06/02/2008,0.68224
07/02/2008,0.68949
08/02/2008,0.68982
11/02/2008,0.68982
12/02/2008,0.68533
13/02/2008,0.6866
14/02/2008,0.68388
15/02/2008,0.6808
18/02/2008,0.68255
19/02/2008,0.67822
20/02/2008,0.68271
21/02/2008,0.67611
22/02/2008,0.67501
25/02/2008,0.67429
26/02/2008,0.67193
27/02/2008,0.66227
28/02/2008,0.65883
29/02/2008,0.65872
03/03/2008,0.65783
04/03/2008,0.6564
05/03/2008,0.65494
06/03/2008,0.65119
07/03/2008,0.65123
10/03/2008,0.65064
11/03/2008,0.65242
12/03/2008,0.64539
13/03/2008,0.64179
14/03/2008,0.6408
17/03/2008,0.63434
18/03/2008,0.63353
19/03/2008,0.63928
20/03/2008,0.64866
21/03/2008,0.64866
24/03/2008,0.64958
25/03/2008,0.64125
26/03/2008,0.63454
27/03/2008,0.63297
28/03/2008,0.63458
31/03/2008,0.63109
01/04/2008,0.64121
02/04/2008,0.64061
03/04/2008,0.63959
04/04/2008,0.63522
07/04/2008,0.63644
08/04/2008,0.63664
09/04/2008,0.63383
10/04/2008,0.63335
11/04/2008,0.63211
14/04/2008,0.63125
15/04/2008,0.63277
16/04/2008,0.62694
17/04/2008,0.62879
18/04/2008,0.63567
21/04/2008,0.6282
22/04/2008,0.62584
23/04/2008,0.62982
24/04/2008,0.63692
25/04/2008,0.63859
28/04/2008,0.63928
29/04/2008,0.6407
30/04/2008,0.6423
01/05/2008,0.64723
02/05/2008,0.64916
05/05/2008,0.64593
06/05/2008,0.6429
07/05/2008,0.64943
08/05/2008,0.64849
09/05/2008,0.64798
12/05/2008,0.6451
13/05/2008,0.64579
14/05/2008,0.64694
15/05/2008,0.6461
16/05/2008,0.643
19/05/2008,0.64456
20/05/2008,0.63949
21/05/2008,0.63422
22/05/2008,0.63631
23/05/2008,0.63418
26/05/2008,0.63387
27/05/2008,0.63611
28/05/2008,0.6399
29/05/2008,0.64381
30/05/2008,0.64348
02/06/2008,0.64398
03/06/2008,0.64681
04/06/2008,0.64731
05/06/2008,0.64365
06/06/2008,0.63555
09/06/2008,0.63575
10/06/2008,0.64589
11/06/2008,0.64367
12/06/2008,0.64853
13/06/2008,0.65174
16/06/2008,0.64679
17/06/2008,0.64497
18/06/2008,0.64448
19/06/2008,0.64564
20/06/2008,0.63969
23/06/2008,0.64577
24/06/2008,0.64133
25/06/2008,0.64245
26/06/2008,0.63498
27/06/2008,0.6349
30/06/2008,0.6347
01/07/2008,0.63474
02/07/2008,0.6303
03/07/2008,0.63635
04/07/2008,0.63727
07/07/2008,0.63843
08/07/2008,0.63778
09/07/2008,0.63571
10/07/2008,0.63315
11/07/2008,0.62856
14/07/2008,0.62903
15/07/2008,0.62612
16/07/2008,0.63205
17/07/2008,0.62962
18/07/2008,0.63084
21/07/2008,0.6305
22/07/2008,0.63145
23/07/2008,0.63708
24/07/2008,0.6381
25/07/2008,0.63814
28/07/2008,0.63542
29/07/2008,0.64129
30/07/2008,0.64278
31/07/2008,0.64092
01/08/2008,0.64261
04/08/2008,0.64064
05/08/2008,0.64572
06/08/2008,0.64857
07/08/2008,0.65034
08/08/2008,0.66527
11/08/2008,0.66669
12/08/2008,0.67071
13/08/2008,0.67259
14/08/2008,0.67125
15/08/2008,0.68076
18/08/2008,0.68016
19/08/2008,0.68016
20/08/2008,0.67898
21/08/2008,0.67193
22/08/2008,0.67497
25/08/2008,0.67668
26/08/2008,0.68257
27/08/2008,0.67993
28/08/2008,0.67923
29/08/2008,0.67923
01/09/2008,0.68542
02/09/2008,0.68863
03/09/2008,0.69163
04/09/2008,0.69519
05/09/2008,0.70104
08/09/2008,0.70395
09/09/2008,0.70754
10/09/2008,0.71147
11/09/2008,0.71826
12/09/2008,0.70549
15/09/2008,0.70475
16/09/2008,0.70814
17/09/2008,0.70455
18/09/2008,0.6956
19/09/2008,0.69411
22/09/2008,0.68322
23/09/2008,0.67905
24/09/2008,0.68192
25/09/2008,0.68173
26/09/2008,0.68463
29/09/2008,0.69278
30/09/2008,0.71192
01/10/2008,0.71418
02/10/2008,0.72451
03/10/2008,0.72424
06/10/2008,0.7408
07/10/2008,0.73327
08/10/2008,0.73284
09/10/2008,0.73263
10/10/2008,0.74041
13/10/2008,0.73602
14/10/2008,0.73359
15/10/2008,0.7363
16/10/2008,0.74599
17/10/2008,0.74341
20/10/2008,0.75146
21/10/2008,0.75835
22/10/2008,0.77477
23/10/2008,0.77619
24/10/2008,0.78518
27/10/2008,0.80328
28/10/2008,0.8016
29/10/2008,0.77815
30/10/2008,0.77818
31/10/2008,0.78861
03/11/2008,0.78376
04/11/2008,0.77116
05/11/2008,0.76584
06/11/2008,0.7822
07/11/2008,0.78214
10/11/2008,0.78012
11/11/2008,0.79707
12/11/2008,0.79856
13/11/2008,0.79564
14/11/2008,0.78874
17/11/2008,0.79101
18/11/2008,0.79083
19/11/2008,0.79026
20/11/2008,0.7985
21/11/2008,0.79939
24/11/2008,0.77948
25/11/2008,0.76994
26/11/2008,0.77564
27/11/2008,0.77667
28/11/2008,0.78808
01/12/2008,0.79393
02/12/2008,0.78638
03/12/2008,0.78799
04/12/2008,0.78505
05/12/2008,0.78883
08/12/2008,0.77343
09/12/2008,0.77549
10/12/2008,0.76997
11/12/2008,0.7558
12/12/2008,0.74789
15/12/2008,0.73145
16/12/2008,0.72672
17/12/2008,0.69803
18/12/2008,0.69068
19/12/2008,0.71775
22/12/2008,0.71831
23/12/2008,0.71726
24/12/2008,0.71498
25/12/2008,0.71498
26/12/2008,0.71154
29/12/2008,0.70244
30/12/2008,0.70699
31/12/2008,0.7194
01/01/2009,0.7194
02/01/2009,0.71767
05/01/2009,0.73349
06/01/2009,0.74724
07/01/2009,0.73273
08/01/2009,0.72897
09/01/2009,0.74025
12/01/2009,0.74898
13/01/2009,0.75896
14/01/2009,0.75965
15/01/2009,0.76546
16/01/2009,0.75466
19/01/2009,0.76034
20/01/2009,0.77444
21/01/2009,0.77667
22/01/2009,0.7716
23/01/2009,0.78183
26/01/2009,0.76147
27/01/2009,0.75921
28/01/2009,0.7562
29/01/2009,0.76456
30/01/2009,0.78034
02/02/2009,0.78091
03/02/2009,0.7711
04/02/2009,0.77628
05/02/2009,0.77891
06/02/2009,0.77806
09/02/2009,0.76514
10/02/2009,0.76696
11/02/2009,0.7751
12/02/2009,0.78275
13/02/2009,0.77462
16/02/2009,0.78143
17/02/2009,0.79526
18/02/2009,0.79805
19/02/2009,0.78799
20/02/2009,0.79268
23/02/2009,0.78533
24/02/2009,0.78428
25/02/2009,0.78768
26/02/2009,0.78428
27/02/2009,0.78737
02/03/2009,0.79431
03/03/2009,0.79589
04/03/2009,0.79627
05/03/2009,0.79694
06/03/2009,0.78986
09/03/2009,0.79139
10/03/2009,0.78422
11/03/2009,0.78287
12/03/2009,0.7814
13/03/2009,0.77573
16/03/2009,0.76944
17/03/2009,0.77092
18/03/2009,0.76278
19/03/2009,0.72836
20/03/2009,0.73716
23/03/2009,0.73703
24/03/2009,0.73945
25/03/2009,0.73858
26/03/2009,0.73749
27/03/2009,0.75154
30/03/2009,0.75959
31/03/2009,0.75318
01/04/2009,0.75594
02/04/2009,0.74391
03/04/2009,0.74491
06/04/2009,0.74593
07/04/2009,0.75344
08/04/2009,0.75586
09/04/2009,0.75715
10/04/2009,0.75715
13/04/2009,0.75078
14/04/2009,0.75435
15/04/2009,0.75887
16/04/2009,0.75818
17/04/2009,0.76664
20/04/2009,0.77396
21/04/2009,0.77187
22/04/2009,0.76837
23/04/2009,0.76649
24/04/2009,0.75463
27/04/2009,0.76173
28/04/2009,0.76467
29/04/2009,0.75372
30/04/2009,0.75466
01/05/2009,0.75455
04/05/2009,0.74946
05/05/2009,0.74915
06/05/2009,0.75188
07/05/2009,0.74549
08/05/2009,0.74159
11/05/2009,0.73408
12/05/2009,0.73284
13/05/2009,0.73513
14/05/2009,0.73592
15/05/2009,0.73556
18/05/2009,0.74118
19/05/2009,0.73467
20/05/2009,0.72556
21/05/2009,0.7263
22/05/2009,0.71482
25/05/2009,0.7139
26/05/2009,0.71498
27/05/2009,0.7179
28/05/2009,0.71726
29/05/2009,0.70649
01/06/2009,0.70636
02/06/2009,0.69937
03/06/2009,0.7048
04/06/2009,0.7048
05/06/2009,0.71388
08/06/2009,0.72158
09/06/2009,0.71406
10/06/2009,0.71395
11/06/2009,0.71066
12/06/2009,0.71446
15/06/2009,0.72283
16/06/2009,0.71992
17/06/2009,0.72127
18/06/2009,0.71626
19/06/2009,0.71806
22/06/2009,0.72046
23/06/2009,0.71385
24/06/2009,0.71268
25/06/2009,0.71914
26/06/2009,0.71076
29/06/2009,0.71131
30/06/2009,0.71294
01/07/2009,0.70766
02/07/2009,0.71339
03/07/2009,0.71416
06/07/2009,0.71831
07/07/2009,0.71421
08/07/2009,0.7195
09/07/2009,0.71538
10/07/2009,0.71728
13/07/2009,0.7169
14/07/2009,0.71713
15/07/2009,0.71
16/07/2009,0.70849
17/07/2009,0.70869
20/07/2009,0.70361
21/07/2009,0.70291
22/07/2009,0.70383
23/07/2009,0.70183
24/07/2009,0.7042
27/07/2009,0.70319
28/07/2009,0.70529
29/07/2009,0.71116
30/07/2009,0.71111
31/07/2009,0.70534
03/08/2009,0.69367
04/08/2009,0.69456
05/08/2009,0.69512
06/08/2009,0.69606
07/08/2009,0.70383
10/08/2009,0.70604
11/08/2009,0.70714
12/08/2009,0.70361
13/08/2009,0.69962
14/08/2009,0.70247
17/08/2009,0.71066
18/08/2009,0.70904
19/08/2009,0.70331
20/08/2009,0.70247
21/08/2009,0.69925
24/08/2009,0.69832
25/08/2009,0.69791
26/08/2009,0.70267
27/08/2009,0.70286
28/08/2009,0.69572
31/08/2009,0.69684
01/09/2009,0.69913
02/09/2009,0.70235
03/09/2009,0.70134
04/09/2009,0.70257
07/09/2009,0.69754
08/09/2009,0.68897
09/09/2009,0.6858
10/09/2009,0.6866
11/09/2009,0.68435
14/09/2009,0.6835
15/09/2009,0.685
16/09/2009,0.68085
17/09/2009,0.67822
18/09/2009,0.67923
21/09/2009,0.68229
22/09/2009,0.67602
23/09/2009,0.67659
24/09/2009,0.67995
25/09/2009,0.68069
28/09/2009,0.68355
29/09/2009,0.68759
30/09/2009,0.68413
01/10/2009,0.68674
02/10/2009,0.6847
05/10/2009,0.68362
06/10/2009,0.67808
07/10/2009,0.68113
08/10/2009,0.67735
09/10/2009,0.67762
12/10/2009,0.67524
13/10/2009,0.67454
14/10/2009,0.67107
15/10/2009,0.66937
16/10/2009,0.6722
19/10/2009,0.66914
20/10/2009,0.66921
21/10/2009,0.66669
22/10/2009,0.66633
23/10/2009,0.66587
26/10/2009,0.66928
27/10/2009,0.67474
28/10/2009,0.67735
29/10/2009,0.67483
30/10/2009,0.67776
02/11/2009,0.67488
03/11/2009,0.68131
04/11/2009,0.67406
05/11/2009,0.67166
06/11/2009,0.67245
09/11/2009,0.66638
10/11/2009,0.66809
11/11/2009,0.66718
12/11/2009,0.67193
13/11/2009,0.6717
16/11/2009,0.66762
17/11/2009,0.67383
18/11/2009,0.66807
19/11/2009,0.67302
20/11/2009,0.67356
23/11/2009,0.66756
24/11/2009,0.66901
25/11/2009,0.66425
26/11/2009,0.66724
27/11/2009,0.66767
30/11/2009,0.66607
01/12/2009,0.66254
02/12/2009,0.66333
03/12/2009,0.6628
04/12/2009,0.67164
07/12/2009,0.67438
08/12/2009,0.67866
09/12/2009,0.67817
10/12/2009,0.67935
11/12/2009,0.6839
14/12/2009,0.68238
15/12/2009,0.68698
16/12/2009,0.68589
17/12/2009,0.69696
18/12/2009,0.70043
21/12/2009,0.69859
22/12/2009,0.70264
23/12/2009,0.69771
24/12/2009,0.69652
25/12/2009,0.69652
28/12/2009,0.6949
29/12/2009,0.69413
30/12/2009,0.69925
31/12/2009,0.69699
01/01/2010,0.69699
04/01/2010,0.69259
05/01/2010,0.69365
06/01/2010,0.69505
07/01/2010,0.69801
08/01/2010,0.69806
11/01/2010,0.68745
12/01/2010,0.68776
13/01/2010,0.68927
14/01/2010,0.69089
15/01/2010,0.69597
18/01/2010,0.69519
19/01/2010,0.70021
20/01/2010,0.70844
21/01/2010,0.71149
22/01/2010,0.70776
25/01/2010,0.70641
26/01/2010,0.71136
27/01/2010,0.7122
28/01/2010,0.71633
29/01/2010,0.71945
01/02/2010,0.71966
02/02/2010,0.71677
03/02/2010,0.71873
04/02/2010,0.72569
05/02/2010,0.7315
08/02/2010,0.72987
09/02/2010,0.72804
10/02/2010,0.73001
11/02/2010,0.73497
12/02/2010,0.73475
15/02/2010,0.73554
16/02/2010,0.72982
17/02/2010,0.73236
18/02/2010,0.73392
19/02/2010,0.74006
22/02/2010,0.73578
23/02/2010,0.73689
24/02/2010,0.73492
25/02/2010,0.73948
26/02/2010,0.73276
01/03/2010,0.74192
02/03/2010,0.73746
03/03/2010,0.73046
04/03/2010,0.73492
05/03/2010,0.73486
08/03/2010,0.73247
09/03/2010,0.73627
10/03/2010,0.73182
11/03/2010,0.73132
12/03/2010,0.72693
15/03/2010,0.73252
16/03/2010,0.72685
17/03/2010,0.72786
18/03/2010,0.73519
19/03/2010,0.73921
22/03/2010,0.73907
23/03/2010,0.73896
24/03/2010,0.74918
25/03/2010,0.74946
26/03/2010,0.74635
29/03/2010,0.74234
30/03/2010,0.74505
31/03/2010,0.73904
01/04/2010,0.73869
02/04/2010,0.73869
05/04/2010,0.74038
06/04/2010,0.74719
07/04/2010,0.74937
08/04/2010,0.7487
09/04/2010,0.74374
12/04/2010,0.73486
13/04/2010,0.73733
14/04/2010,0.73386
15/04/2010,0.73714
16/04/2010,0.74033
19/04/2010,0.74261
20/04/2010,0.74286
21/04/2010,0.74666
22/04/2010,0.7518
23/04/2010,0.74848
26/04/2010,0.75053
27/04/2010,0.751
28/04/2010,0.75735
29/04/2010,0.75506
30/04/2010,0.75208
03/05/2010,0.75901
04/05/2010,0.76728
05/05/2010,0.7773
06/05/2010,0.78681
07/05/2010,0.79048
10/05/2010,0.77885
11/05/2010,0.78799
12/05/2010,0.78861
13/05/2010,0.7958
14/05/2010,0.80483
17/05/2010,0.81067
18/05/2010,0.80818
19/05/2010,0.8106
20/05/2010,0.81073
21/05/2010,0.79637
24/05/2010,0.80789
25/05/2010,0.81679
26/05/2010,0.8183
27/05/2010,0.81533
28/05/2010,0.81093
31/05/2010,0.81496
01/06/2010,0.81384
02/06/2010,0.81957
03/06/2010,0.81937
04/06/2010,0.83084
07/06/2010,0.83822
08/06/2010,0.83696
09/06/2010,0.82939
10/06/2010,0.82604
11/06/2010,0.82689
14/06/2010,0.81453
15/06/2010,0.81248
16/06/2010,0.81192
17/06/2010,0.80939
18/06/2010,0.80756
21/06/2010,0.80775
22/06/2010,0.8142
23/06/2010,0.81703
24/06/2010,0.81195
25/06/2010,0.81354
28/06/2010,0.81083
29/06/2010,0.82115
30/06/2010,0.81639
01/07/2010,0.80289
02/07/2010,0.79356
05/07/2010,0.79799
06/07/2010,0.79067
07/07/2010,0.79158
08/07/2010,0.78864
09/07/2010,0.79155
12/07/2010,0.7946
13/07/2010,0.7893
14/07/2010,0.78558
15/07/2010,0.77558
16/07/2010,0.77208
19/07/2010,0.77116
20/07/2010,0.77616
21/07/2010,0.78015
22/07/2010,0.77474
23/07/2010,0.78015
26/07/2010,0.77304
27/07/2010,0.77015
28/07/2010,0.76834
29/07/2010,0.76423
30/07/2010,0.76758
02/08/2010,0.75841
03/08/2010,0.75634
04/08/2010,0.7608
05/08/2010,0.76014
06/08/2010,0.75233
09/08/2010,0.755
10/08/2010,0.76409
11/08/2010,0.77519
12/08/2010,0.77854
13/08/2010,0.78364
16/08/2010,0.77851
17/08/2010,0.777
18/08/2010,0.77797
19/08/2010,0.77724
20/08/2010,0.7883
23/08/2010,0.79011
24/08/2010,0.78846
25/08/2010,0.79195
26/08/2010,0.78502
27/08/2010,0.78623
30/08/2010,0.78821
31/08/2010,0.78681
01/09/2010,0.78003
02/09/2010,0.77954
03/09/2010,0.77745
06/09/2010,0.77646
07/09/2010,0.78576
08/09/2010,0.78462
09/09/2010,0.78505
10/09/2010,0.78579
13/09/2010,0.77703
14/09/2010,0.77062
15/09/2010,0.76749
16/09/2010,0.76327
17/09/2010,0.76655
20/09/2010,0.76426
21/09/2010,0.76147
22/09/2010,0.74563
23/09/2010,0.75002
24/09/2010,0.74206
27/09/2010,0.74236
28/09/2010,0.73823
29/09/2010,0.73535
30/09/2010,0.73249
01/10/2010,0.72746
04/10/2010,0.73091
05/10/2010,0.72257
06/10/2010,0.71997
07/10/2010,0.71733
08/10/2010,0.71775
11/10/2010,0.71974
12/10/2010,0.72283
13/10/2010,0.71631
14/10/2010,0.71
15/10/2010,0.7137
18/10/2010,0.71597
19/10/2010,0.72519
20/10/2010,0.7159
21/10/2010,0.71418
22/10/2010,0.71816
25/10/2010,0.71538
26/10/2010,0.72106
27/10/2010,0.72574
28/10/2010,0.7194
29/10/2010,0.71948
01/11/2010,0.72005
02/11/2010,0.71299
03/11/2010,0.71357
04/11/2010,0.70301
05/11/2010,0.71266
08/11/2010,0.7194
09/11/2010,0.71878
10/11/2010,0.73001
11/11/2010,0.73156
12/11/2010,0.72979
15/11/2010,0.73556
16/11/2010,0.73779
17/11/2010,0.73847
18/11/2010,0.73519
19/11/2010,0.73198
22/11/2010,0.73481
23/11/2010,0.74441
24/11/2010,0.74666
25/11/2010,0.7478
26/11/2010,0.75669
29/11/2010,0.76406
30/11/2010,0.7682
01/12/2010,0.76552
02/12/2010,0.75933
03/12/2010,0.74724
06/12/2010,0.75264
07/12/2010,0.74937
08/12/2010,0.75674
09/12/2010,0.7589
10/12/2010,0.75637
13/12/2010,0.74697
14/12/2010,0.74719
15/12/2010,0.75024
16/12/2010,0.75789
17/12/2010,0.76046
20/12/2010,0.76333
21/12/2010,0.76141
22/12/2010,0.76353
23/12/2010,0.76523
24/12/2010,0.76222
27/12/2010,0.76043
28/12/2010,0.7615
29/12/2010,0.76124
30/12/2010,0.7529
31/12/2010,0.74541
03/01/2011,0.74839
04/01/2011,0.75089
05/01/2011,0.76077
06/01/2011,0.76714
07/01/2011,0.77027
10/01/2011,0.77283
11/01/2011,0.77322
12/01/2011,0.76561
13/01/2011,0.74993
14/01/2011,0.74839
17/01/2011,0.75256
18/01/2011,0.74677
19/01/2011,0.74113
20/01/2011,0.7456
21/01/2011,0.73613
24/01/2011,0.73126
25/01/2011,0.73137
26/01/2011,0.73035
27/01/2011,0.72825
28/01/2011,0.73395
31/01/2011,0.72939
01/02/2011,0.72506
02/02/2011,0.72417
03/02/2011,0.73362
04/02/2011,0.73779
07/02/2011,0.73839
08/02/2011,0.73142
09/02/2011,0.72955
10/02/2011,0.73524
11/02/2011,0.73795
14/02/2011,0.74289
15/02/2011,0.74
16/02/2011,0.73978
17/02/2011,0.73643
18/02/2011,0.7333
21/02/2011,0.73153
22/02/2011,0.73022
23/02/2011,0.72664
24/02/2011,0.72514
25/02/2011,0.72741
28/02/2011,0.72401
01/03/2011,0.72312
02/03/2011,0.72046
03/03/2011,0.71739
04/03/2011,0.7148
07/03/2011,0.71357
08/03/2011,0.71948
09/03/2011,0.71834
10/03/2011,0.72469
11/03/2011,0.72257
14/03/2011,0.71556
15/03/2011,0.71592
16/03/2011,0.71834
17/03/2011,0.71322
18/03/2011,0.70731
21/03/2011,0.705
22/03/2011,0.70366
23/03/2011,0.70804
24/03/2011,0.70423
25/03/2011,0.70701
28/03/2011,0.70892
29/03/2011,0.71081
30/03/2011,0.70947
31/03/2011,0.70467
01/04/2011,0.70691
04/04/2011,0.70252
05/04/2011,0.70393
06/04/2011,0.69701
07/04/2011,0.69977
08/04/2011,0.69276
11/04/2011,0.69192
12/04/2011,0.68989
13/04/2011,0.68951
14/04/2011,0.69159
15/04/2011,0.69358
18/04/2011,0.70398
19/04/2011,0.69864
20/04/2011,0.68916
21/04/2011,0.68632
22/04/2011,0.68632
25/04/2011,0.68681
26/04/2011,0.68371
27/04/2011,0.68297
28/04/2011,0.67463
29/04/2011,0.67404
02/05/2011,0.67152
03/05/2011,0.67381
04/05/2011,0.67193
05/05/2011,0.68435
06/05/2011,0.68935
09/05/2011,0.70097
10/05/2011,0.69657
11/05/2011,0.6995
12/05/2011,0.70445
13/05/2011,0.70398
16/05/2011,0.70244
17/05/2011,0.70584
18/05/2011,0.70173
19/05/2011,0.70168
20/05/2011,0.70659
23/05/2011,0.71317
24/05/2011,0.70904
25/05/2011,0.71073
26/05/2011,0.70925
27/05/2011,0.70126
30/05/2011,0.70075
31/05/2011,0.6956
01/06/2011,0.69322
02/06/2011,0.69252
03/06/2011,0.68651
06/06/2011,0.68479
07/06/2011,0.68108
08/06/2011,0.6846
09/06/2011,0.68932
10/06/2011,0.69643
13/06/2011,0.6956
14/06/2011,0.6907
15/06/2011,0.69974
16/06/2011,0.70711
17/06/2011,0.69893
20/06/2011,0.69871
21/06/2011,0.69575
22/06/2011,0.69281
23/06/2011,0.70679
24/06/2011,0.70597
27/06/2011,0.70021
28/06/2011,0.69623
29/06/2011,0.69464
30/06/2011,0.68973
01/07/2011,0.69049
04/07/2011,0.68909
05/07/2011,0.69137
06/07/2011,0.69901
07/07/2011,0.69606
08/07/2011,0.70134
11/07/2011,0.7148
12/07/2011,0.71503
13/07/2011,0.70614
14/07/2011,0.70644
15/07/2011,0.70804
18/07/2011,0.71299
19/07/2011,0.7047
20/07/2011,0.7044
21/07/2011,0.69543
22/07/2011,0.69611
25/07/2011,0.69752
26/07/2011,0.69035
27/07/2011,0.69524
28/07/2011,0.6993
29/07/2011,0.69589
01/08/2011,0.70418
02/08/2011,0.70333
03/08/2011,0.69969
04/08/2011,0.70639
05/08/2011,0.70457
08/08/2011,0.7048
09/08/2011,0.70319
10/08/2011,0.70509
11/08/2011,0.70082
12/08/2011,0.70346
15/08/2011,0.69226
16/08/2011,0.69452
17/08/2011,0.69187
18/08/2011,0.6985
19/08/2011,0.69355
22/08/2011,0.69534
23/08/2011,0.69488
24/08/2011,0.69401
25/08/2011,0.69677
26/08/2011,0.6964
29/08/2011,0.68799
30/08/2011,0.69283
31/08/2011,0.69454
01/09/2011,0.70173
02/09/2011,0.7038
05/09/2011,0.70862
06/09/2011,0.71256
07/09/2011,0.71245
08/09/2011,0.71408
09/09/2011,0.72926
12/09/2011,0.73478
13/09/2011,0.7311
14/09/2011,0.73145
15/09/2011,0.72205
16/09/2011,0.72545
19/09/2011,0.73459
20/09/2011,0.72934
21/09/2011,0.73041
22/09/2011,0.74267
23/09/2011,0.73973
26/09/2011,0.74231
27/09/2011,0.73341
28/09/2011,0.73524
29/09/2011,0.73268
30/09/2011,0.74532
03/10/2011,0.75335
04/10/2011,0.75313
05/10/2011,0.75134
06/10/2011,0.74607
07/10/2011,0.74118
10/10/2011,0.73233
11/10/2011,0.7333
12/10/2011,0.72485
13/10/2011,0.72963
14/10/2011,0.72124
17/10/2011,0.72653
18/10/2011,0.73078
19/10/2011,0.72453
20/10/2011,0.73003
21/10/2011,0.71955
24/10/2011,0.72025
25/10/2011,0.71917
26/10/2011,0.72359
27/10/2011,0.70709
28/10/2011,0.70542
31/10/2011,0.71695
01/11/2011,0.73121
02/11/2011,0.72459
03/11/2011,0.72764
04/11/2011,0.7268
07/11/2011,0.72722
08/11/2011,0.72427
09/11/2011,0.73608
10/11/2011,0.736
11/11/2011,0.72807
14/11/2011,0.73351
15/11/2011,0.73948
16/11/2011,0.7391
17/11/2011,0.73997
18/11/2011,0.73948
21/11/2011,0.74253
22/11/2011,0.74102
23/11/2011,0.74898
24/11/2011,0.75061
25/11/2011,0.75364
28/11/2011,0.74898
29/11/2011,0.74991
30/11/2011,0.74286
01/12/2011,0.74239
02/12/2011,0.74457
05/12/2011,0.7425
06/12/2011,0.74724
07/12/2011,0.7468
08/12/2011,0.7512
09/12/2011,0.74822
12/12/2011,0.75666
13/12/2011,0.76412
14/12/2011,0.77214
15/12/2011,0.76938
16/12/2011,0.76646
19/12/2011,0.76817
20/12/2011,0.76278
21/12/2011,0.76643
22/12/2011,0.7654
23/12/2011,0.76693
26/12/2011,0.76693
27/12/2011,0.76535
28/12/2011,0.77241
29/12/2011,0.77432
30/12/2011,0.77033
02/01/2012,0.77033
03/01/2012,0.76611
04/01/2012,0.77465
05/01/2012,0.78168
06/01/2012,0.78653
09/01/2012,0.78508
10/01/2012,0.7826
11/01/2012,0.78824
12/01/2012,0.78143
13/01/2012,0.78948
16/01/2012,0.78911
17/01/2012,0.78511
18/01/2012,0.78024
19/01/2012,0.77565
20/01/2012,0.77402
23/01/2012,0.76646
24/01/2012,0.77039
25/01/2012,0.7708
26/01/2012,0.76005
27/01/2012,0.7615
30/01/2012,0.76254
31/01/2012,0.76391
01/02/2012,0.75769
02/02/2012,0.75919
03/02/2012,0.76208
06/02/2012,0.76464
07/02/2012,0.75517
08/02/2012,0.75449
09/02/2012,0.75165
10/02/2012,0.75821
13/02/2012,0.75663
14/02/2012,0.76156
15/02/2012,0.76535
16/02/2012,0.76675
17/02/2012,0.75971
20/02/2012,0.75375
21/02/2012,0.75389
22/02/2012,0.75523
23/02/2012,0.75109
24/02/2012,0.74278
27/02/2012,0.74655
28/02/2012,0.74496
29/02/2012,0.74755
01/03/2012,0.75008
02/03/2012,0.75729
05/03/2012,0.75572
06/03/2012,0.76246
07/03/2012,0.76217
08/03/2012,0.75341
09/03/2012,0.76222
12/03/2012,0.76104
13/03/2012,0.76283
14/03/2012,0.7677
15/03/2012,0.76508
16/03/2012,0.75924
19/03/2012,0.75517
20/03/2012,0.7564
21/03/2012,0.75815
22/03/2012,0.75789
23/03/2012,0.75398
26/03/2012,0.75041
27/03/2012,0.75064
28/03/2012,0.75253
29/03/2012,0.75318
30/03/2012,0.75092
02/04/2012,0.75182
03/04/2012,0.74968
04/04/2012,0.76234
05/04/2012,0.76552
06/04/2012,0.76552
09/04/2012,0.76508
10/04/2012,0.76435
11/04/2012,0.76217
12/04/2012,0.75904
13/04/2012,0.76435
16/04/2012,0.76558
17/04/2012,0.76098
18/04/2012,0.76205
19/04/2012,0.76086
20/04/2012,0.75712
23/04/2012,0.76193
24/04/2012,0.7574
25/04/2012,0.7585
26/04/2012,0.75589
27/04/2012,0.75418
30/04/2012,0.75554
01/05/2012,0.75614
02/05/2012,0.76034
03/05/2012,0.76031
04/05/2012,0.76254
07/05/2012,0.76634
08/05/2012,0.76953
09/05/2012,0.77331
10/05/2012,0.77161
11/05/2012,0.77256
14/05/2012,0.77894
15/05/2012,0.78278
16/05/2012,0.78487
17/05/2012,0.78691
18/05/2012,0.78604
21/05/2012,0.78321
22/05/2012,0.78382
23/05/2012,0.79469
24/05/2012,0.79476
25/05/2012,0.79923
28/05/2012,0.79758
29/05/2012,0.7977
30/05/2012,0.80694
31/05/2012,0.80877
01/06/2012,0.80887
04/06/2012,0.80026
05/06/2012,0.80231
06/06/2012,0.80013
07/06/2012,0.79599
08/06/2012,0.80212
11/06/2012,0.7993
12/06/2012,0.80276
13/06/2012,0.79529
14/06/2012,0.79387
15/06/2012,0.79208
18/06/2012,0.79494
19/06/2012,0.78886
20/06/2012,0.78725
21/06/2012,0.79327
22/06/2012,0.79773
25/06/2012,0.80128
26/06/2012,0.80186
27/06/2012,0.80276
28/06/2012,0.80473
29/06/2012,0.78799
02/07/2012,0.79466
03/07/2012,0.79327
04/07/2012,0.79936
05/07/2012,0.80769
06/07/2012,0.81255
09/07/2012,0.81304
10/07/2012,0.81596
11/07/2012,0.81636
12/07/2012,0.82075
13/07/2012,0.81673
16/07/2012,0.81699
17/07/2012,0.8188
18/07/2012,0.81536
19/07/2012,0.81559
20/07/2012,0.82186
23/07/2012,0.82529
24/07/2012,0.82747
25/07/2012,0.82484
26/07/2012,0.81301
27/07/2012,0.80841
30/07/2012,0.81683
31/07/2012,0.81199
01/08/2012,0.81321
02/08/2012,0.8224
03/08/2012,0.81037
06/08/2012,0.80561
07/08/2012,0.80515
08/08/2012,0.80926
09/08/2012,0.81241
10/08/2012,0.81208
13/08/2012,0.80962
14/08/2012,0.81159
15/08/2012,0.8142
16/08/2012,0.80887
17/08/2012,0.81321
20/08/2012,0.81031
21/08/2012,0.80128
22/08/2012,0.80209
23/08/2012,0.79472
24/08/2012,0.79891
27/08/2012,0.79895
28/08/2012,0.79577
29/08/2012,0.79824
30/08/2012,0.80013
31/08/2012,0.79334
03/09/2012,0.79472
04/09/2012,0.79605
05/09/2012,0.79346
06/09/2012,0.79145
07/09/2012,0.78119
10/09/2012,0.78211
11/09/2012,0.77845
12/09/2012,0.77589
13/09/2012,0.77477
14/09/2012,0.7606
17/09/2012,0.76121
18/09/2012,0.76596
19/09/2012,0.76584
20/09/2012,0.77208
21/09/2012,0.76988
24/09/2012,0.77426
25/09/2012,0.77146
26/09/2012,0.77882
27/09/2012,0.77751
28/09/2012,0.7773
01/10/2012,0.77489
02/10/2012,0.7731
03/10/2012,0.7751
04/10/2012,0.76894
05/10/2012,0.7657
08/10/2012,0.77107
09/10/2012,0.77543
10/10/2012,0.7751
11/10/2012,0.77262
12/10/2012,0.77119
15/10/2012,0.77304
16/10/2012,0.76787
17/10/2012,0.76214
18/10/2012,0.76383
19/10/2012,0.7674
22/10/2012,0.76508
23/10/2012,0.77137
24/10/2012,0.77107
25/10/2012,0.77163
26/10/2012,0.77331
29/10/2012,0.77489
30/10/2012,0.77054
31/10/2012,0.77172
01/11/2012,0.77298
02/11/2012,0.77851
05/11/2012,0.78229
06/11/2012,0.78116
07/11/2012,0.78401
08/11/2012,0.78573
09/11/2012,0.78684
12/11/2012,0.78672
13/11/2012,0.78672
14/11/2012,0.78564
15/11/2012,0.78174
16/11/2012,0.78706
19/11/2012,0.78034
20/11/2012,0.7811
21/11/2012,0.78009
22/11/2012,0.7761
23/11/2012,0.77169
26/11/2012,0.77131
27/11/2012,0.77334
28/11/2012,0.77462
29/11/2012,0.77051
30/11/2012,0.76888
03/12/2012,0.76502
04/12/2012,0.76415
05/12/2012,0.76523
06/12/2012,0.77003
07/12/2012,0.77351
10/12/2012,0.77363
11/12/2012,0.76929
12/12/2012,0.76687
13/12/2012,0.76409
14/12/2012,0.76283
17/12/2012,0.75979
18/12/2012,0.75683
19/12/2012,0.75418
20/12/2012,0.75546
21/12/2012,0.75904
24/12/2012,0.75786
25/12/2012,0.75786
26/12/2012,0.75632
27/12/2012,0.75629
28/12/2012,0.75637
31/12/2012,0.7585
01/01/2013,0.7585
02/01/2013,0.75532
03/01/2013,0.76362
04/01/2013,0.76658
07/01/2013,0.76342
08/01/2013,0.76535
09/01/2013,0.7667
10/01/2013,0.7568
11/01/2013,0.74932
14/01/2013,0.74817
15/01/2013,0.74918
16/01/2013,0.75208
17/01/2013,0.74862
18/01/2013,0.75236
21/01/2013,0.75103
22/01/2013,0.75264
23/01/2013,0.75296
24/01/2013,0.74772
25/01/2013,0.74212
28/01/2013,0.74289
29/01/2013,0.74195
30/01/2013,0.73695
31/01/2013,0.7367
01/02/2013,0.73014
04/02/2013,0.73755
05/02/2013,0.73918
06/02/2013,0.73866
07/02/2013,0.74685
08/02/2013,0.74736
11/02/2013,0.74744
12/02/2013,0.74269
13/02/2013,0.74424
14/02/2013,0.74954
15/02/2013,0.74904
18/02/2013,0.74901
19/02/2013,0.7487
20/02/2013,0.74794
21/02/2013,0.75629
22/02/2013,0.75976
25/02/2013,0.75674
26/02/2013,0.76494
27/02/2013,0.76283
28/02/2013,0.76491
01/03/2013,0.77018
04/03/2013,0.76867
05/03/2013,0.76767
06/03/2013,0.76923
07/03/2013,0.76438
08/03/2013,0.77033
11/03/2013,0.76837
12/03/2013,0.76799
13/03/2013,0.77223
14/03/2013,0.77039
15/03/2013,0.76535
18/03/2013,0.77172
19/03/2013,0.77601
20/03/2013,0.7722
21/03/2013,0.77366
22/03/2013,0.76941
25/03/2013,0.77625
26/03/2013,0.77767
27/03/2013,0.78241
28/03/2013,0.77876
29/03/2013,0.77876
01/04/2013,0.77839
02/04/2013,0.77891
03/04/2013,0.77833
04/04/2013,0.77797
05/04/2013,0.76793
08/04/2013,0.76823
09/04/2013,0.76584
10/04/2013,0.76423
11/04/2013,0.76182
12/04/2013,0.7635
15/04/2013,0.76429
16/04/2013,0.76161
17/04/2013,0.76675
18/04/2013,0.76441
19/04/2013,0.76444
22/04/2013,0.76743
23/04/2013,0.76834
24/04/2013,0.7695
25/04/2013,0.76888
26/04/2013,0.76764
29/04/2013,0.76336
30/04/2013,0.7585
01/05/2013,0.75798
02/05/2013,0.76494
03/05/2013,0.7624
06/05/2013,0.7659
07/05/2013,0.76423
08/05/2013,0.7591
09/05/2013,0.76365
10/05/2013,0.77089
13/05/2013,0.77027
14/05/2013,0.77051
15/05/2013,0.77748
16/05/2013,0.77417
17/05/2013,0.77979
20/05/2013,0.77782
21/05/2013,0.77685
22/05/2013,0.77661
23/05/2013,0.77507
24/05/2013,0.77337
27/05/2013,0.77286
28/05/2013,0.77788
29/05/2013,0.77119
30/05/2013,0.76602
31/05/2013,0.77161
03/06/2013,0.76749
04/06/2013,0.76502
05/06/2013,0.76418
06/06/2013,0.75789
07/06/2013,0.7564
10/06/2013,0.75789
11/06/2013,0.75332
12/06/2013,0.74982
13/06/2013,0.75191
14/06/2013,0.74963
17/06/2013,0.7492
18/06/2013,0.74669
19/06/2013,0.74605
20/06/2013,0.75901
21/06/2013,0.76124
24/06/2013,0.76368
25/06/2013,0.76485
26/06/2013,0.76908
27/06/2013,0.76905
28/06/2013,0.76932
01/07/2013,0.76714
02/07/2013,0.76719
03/07/2013,0.77089
04/07/2013,0.77438
05/07/2013,0.77915
08/07/2013,0.77733
09/07/2013,0.78211
10/07/2013,0.77776
11/07/2013,0.76681
12/07/2013,0.76608
15/07/2013,0.76643
16/07/2013,0.76118
17/07/2013,0.76374
18/07/2013,0.76385
19/07/2013,0.76106
22/07/2013,0.75795
23/07/2013,0.75652
24/07/2013,0.75549
25/07/2013,0.75554
26/07/2013,0.75389
29/07/2013,0.75452
30/07/2013,0.75466
31/07/2013,0.7531
01/08/2013,0.75566
02/08/2013,0.75284
05/08/2013,0.75529
06/08/2013,0.75134
07/08/2013,0.75081
08/08/2013,0.74708
09/08/2013,0.74898
12/08/2013,0.75225
13/08/2013,0.75549
14/08/2013,0.75378
15/08/2013,0.75463
16/08/2013,0.75002
19/08/2013,0.74904
20/08/2013,0.7448
21/08/2013,0.74755
22/08/2013,0.74934
23/08/2013,0.74607
26/08/2013,0.74769
27/08/2013,0.74663
28/08/2013,0.7496
29/08/2013,0.75617
30/08/2013,0.75838
02/09/2013,0.75824
03/09/2013,0.76005
04/09/2013,0.75772
05/09/2013,0.76225
06/09/2013,0.75999
09/09/2013,0.75455
10/09/2013,0.75378
11/09/2013,0.7518
12/09/2013,0.7514
13/09/2013,0.75418
16/09/2013,0.74892
17/09/2013,0.74912
18/09/2013,0.74918
19/09/2013,0.73842
20/09/2013,0.74022
23/09/2013,0.74115
24/09/2013,0.74115
25/09/2013,0.74033
26/09/2013,0.74178
27/09/2013,0.73847
30/09/2013,0.73874
01/10/2013,0.73934
02/10/2013,0.73581
03/10/2013,0.73403
04/10/2013,0.73554
07/10/2013,0.73684
08/10/2013,0.73548
09/10/2013,0.73984
10/10/2013,0.73951
11/10/2013,0.73733
14/10/2013,0.73605
15/10/2013,0.74055
16/10/2013,0.74121
17/10/2013,0.73185
18/10/2013,0.73017
21/10/2013,0.73123
22/10/2013,0.72603
23/10/2013,0.72556
24/10/2013,0.72445
25/10/2013,0.72495
28/10/2013,0.7254
29/10/2013,0.72624
30/10/2013,0.72616
31/10/2013,0.73556
01/11/2013,0.74143
04/11/2013,0.74017
05/11/2013,0.74214
06/11/2013,0.73923
07/11/2013,0.74724
08/11/2013,0.74909
11/11/2013,0.74585
12/11/2013,0.74419
13/11/2013,0.74602
14/11/2013,0.74302
15/11/2013,0.74214
18/11/2013,0.73937
19/11/2013,0.73937
20/11/2013,0.74275
21/11/2013,0.74286
22/11/2013,0.7394
25/11/2013,0.74038
26/11/2013,0.73744
27/11/2013,0.73668
28/11/2013,0.73532
29/11/2013,0.73446
02/12/2013,0.73765
03/12/2013,0.73597
04/12/2013,0.73765
05/12/2013,0.73225
06/12/2013,0.73078
09/12/2013,0.72889
10/12/2013,0.72614
11/12/2013,0.72514
12/12/2013,0.72709
13/12/2013,0.72831
16/12/2013,0.72706
17/12/2013,0.72831
18/12/2013,0.72661
19/12/2013,0.73161
20/12/2013,0.7315
23/12/2013,0.72958
24/12/2013,0.73169
25/12/2013,0.73169
26/12/2013,0.73033
27/12/2013,0.72582
30/12/2013,0.72388
31/12/2013,0.72572
01/01/2014,0.72572
02/01/2014,0.73215
03/01/2014,0.73457
06/01/2014,0.733
07/01/2014,0.73494
08/01/2014,0.73527
09/01/2014,0.73608
10/01/2014,0.73142
13/01/2014,0.73241
14/01/2014,0.73059
15/01/2014,0.73559
16/01/2014,0.73521
17/01/2014,0.7376
20/01/2014,0.73727
21/01/2014,0.73831
22/01/2014,0.73722
23/01/2014,0.73097
24/01/2014,0.7307
27/01/2014,0.73134
28/01/2014,0.73185
29/01/2014,0.7329
30/01/2014,0.73727
31/01/2014,0.74154
03/02/2014,0.73973
04/02/2014,0.74017
05/02/2014,0.73896
06/02/2014,0.73532
07/02/2014,0.7343
10/02/2014,0.73273
11/02/2014,0.73118
12/02/2014,0.73592
13/02/2014,0.73174
14/02/2014,0.73067
17/02/2014,0.72979
18/02/2014,0.72722
19/02/2014,0.72709
20/02/2014,0.72926
21/02/2014,0.72754
24/02/2014,0.72852
25/02/2014,0.72815
26/02/2014,0.73169
27/02/2014,0.73091
28/02/2014,0.72403
03/03/2014,0.72603
04/03/2014,0.72767
05/03/2014,0.72783
06/03/2014,0.72254
07/03/2014,0.7214
10/03/2014,0.72049
11/03/2014,0.72116
12/03/2014,0.71917
13/03/2014,0.718
14/03/2014,0.71813
17/03/2014,0.71803
18/03/2014,0.71875
19/03/2014,0.71893
20/03/2014,0.72551
21/03/2014,0.72556
24/03/2014,0.72551
25/03/2014,0.72582
26/03/2014,0.7254
27/03/2014,0.72783
28/03/2014,0.72714
31/03/2014,0.72556
01/04/2014,0.72493
02/04/2014,0.72632
03/04/2014,0.72905
04/04/2014,0.73027
07/04/2014,0.7277
08/04/2014,0.72493
09/04/2014,0.72335
10/04/2014,0.72041
11/04/2014,0.72007
14/04/2014,0.72382
15/04/2014,0.72338
16/04/2014,0.7243
17/04/2014,0.72278
18/04/2014,0.72278
21/04/2014,0.72443
22/04/2014,0.72482
23/04/2014,0.72309
24/04/2014,0.72362
25/04/2014,0.72267
28/04/2014,0.72231
29/04/2014,0.72372
30/04/2014,0.72121
01/05/2014,0.72121
02/05/2014,0.72121
05/05/2014,0.72054
06/05/2014,0.71772
07/05/2014,0.71826
