Date,USEURSP
01/01/2001,0.9389
02/01/2001,0.9475
03/01/2001,0.9458
04/01/2001,0.9446
05/01/2001,0.9517
08/01/2001,0.9499
09/01/2001,0.9406
10/01/2001,0.9408
11/01/2001,0.9499
12/01/2001,0.9488
15/01/2001,0.942
16/01/2001,0.9409
17/01/2001,0.9304
18/01/2001,0.9445
19/01/2001,0.9351
22/01/2001,0.9354
23/01/2001,0.9393
24/01/2001,0.9229
25/01/2001,0.9202
26/01/2001,0.922
29/01/2001,0.9185
30/01/2001,0.9245
31/01/2001,0.93
01/02/2001,0.9403
02/02/2001,0.9334
05/02/2001,0.94
06/02/2001,0.9315
07/02/2001,0.9326
08/02/2001,0.9187
09/02/2001,0.9243
12/02/2001,0.9297
13/02/2001,0.9213
14/02/2001,0.9185
15/02/2001,0.9036
16/02/2001,0.9158
19/02/2001,0.9207
20/02/2001,0.9089
21/02/2001,0.9122
22/02/2001,0.9078
23/02/2001,0.9083
26/02/2001,0.9097
27/02/2001,0.9187
28/02/2001,0.9196
01/03/2001,0.9297
02/03/2001,0.9355
05/03/2001,0.929
06/03/2001,0.9304
07/03/2001,0.9273
08/03/2001,0.9319
09/03/2001,0.9319
12/03/2001,0.9292
13/03/2001,0.9173
14/03/2001,0.9117
15/03/2001,0.9066
16/03/2001,0.8967
19/03/2001,0.898
20/03/2001,0.9029
21/03/2001,0.8975
22/03/2001,0.8837
23/03/2001,0.8931
26/03/2001,0.8955
27/03/2001,0.8982
28/03/2001,0.8892
29/03/2001,0.882
30/03/2001,0.884
02/04/2001,0.882
03/04/2001,0.8867
04/04/2001,0.9028
05/04/2001,0.8966
06/04/2001,0.9014
09/04/2001,0.902
10/04/2001,0.8902
11/04/2001,0.8847
12/04/2001,0.8935
13/04/2001,0.8935
16/04/2001,0.8843
17/04/2001,0.8821
18/04/2001,0.8728
19/04/2001,0.889
20/04/2001,0.9012
23/04/2001,0.8973
24/04/2001,0.8939
25/04/2001,0.8972
26/04/2001,0.9018
27/04/2001,0.8926
30/04/2001,0.8866
01/05/2001,0.8913
02/05/2001,0.8916
03/05/2001,0.8936
04/05/2001,0.8951
07/05/2001,0.8914
08/05/2001,0.8852
09/05/2001,0.8843
10/05/2001,0.8832
11/05/2001,0.8761
14/05/2001,0.874
15/05/2001,0.8786
16/05/2001,0.8843
17/05/2001,0.8813
18/05/2001,0.8769
21/05/2001,0.8751
22/05/2001,0.8665
23/05/2001,0.8608
24/05/2001,0.8576
25/05/2001,0.8568
28/05/2001,0.8601
29/05/2001,0.8542
30/05/2001,0.8573
31/05/2001,0.8476
01/06/2001,0.8465
04/06/2001,0.8476
05/06/2001,0.848
06/06/2001,0.8468
07/06/2001,0.8503
08/06/2001,0.8484
11/06/2001,0.8418
12/06/2001,0.8491
13/06/2001,0.8515
14/06/2001,0.8588
15/06/2001,0.8622
18/06/2001,0.8613
19/06/2001,0.8574
20/06/2001,0.8519
21/06/2001,0.8536
22/06/2001,0.8544
25/06/2001,0.8613
26/06/2001,0.8617
27/06/2001,0.8599
28/06/2001,0.8485
29/06/2001,0.8466
02/07/2001,0.8463
03/07/2001,0.8467
04/07/2001,0.8458
05/07/2001,0.8369
06/07/2001,0.8445
09/07/2001,0.8492
10/07/2001,0.8559
11/07/2001,0.8613
12/07/2001,0.8525
13/07/2001,0.8517
16/07/2001,0.855
17/07/2001,0.8515
18/07/2001,0.8713
19/07/2001,0.8697
20/07/2001,0.8729
23/07/2001,0.868
24/07/2001,0.8744
25/07/2001,0.8792
26/07/2001,0.8768
27/07/2001,0.8734
30/07/2001,0.8752
31/07/2001,0.875
01/08/2001,0.879
02/08/2001,0.8819
03/08/2001,0.8857
06/08/2001,0.8804
07/08/2001,0.8768
08/08/2001,0.8764
09/08/2001,0.8887
10/08/2001,0.8954
13/08/2001,0.8985
14/08/2001,0.8974
15/08/2001,0.9111
16/08/2001,0.9128
17/08/2001,0.9166
20/08/2001,0.9125
21/08/2001,0.9126
22/08/2001,0.921
23/08/2001,0.9131
24/08/2001,0.913
27/08/2001,0.9095
28/08/2001,0.9094
29/08/2001,0.9103
30/08/2001,0.9092
31/08/2001,0.9084
03/09/2001,0.9064
04/09/2001,0.8908
05/09/2001,0.8885
06/09/2001,0.8911
07/09/2001,0.9034
10/09/2001,0.8994
11/09/2001,0.9074
12/09/2001,0.9057
13/09/2001,0.9083
14/09/2001,0.9206
17/09/2001,0.9195
18/09/2001,0.9218
19/09/2001,0.9295
20/09/2001,0.9271
21/09/2001,0.916
24/09/2001,0.9151
25/09/2001,0.9235
26/09/2001,0.9212
27/09/2001,0.9204
28/09/2001,0.9107
01/10/2001,0.9157
02/10/2001,0.9161
03/10/2001,0.9204
04/10/2001,0.9133
05/10/2001,0.9189
08/10/2001,0.919
09/10/2001,0.9182
10/10/2001,0.9114
11/10/2001,0.9019
12/10/2001,0.9059
15/10/2001,0.9074
16/10/2001,0.9089
17/10/2001,0.9067
18/10/2001,0.9029
19/10/2001,0.8974
22/10/2001,0.8918
23/10/2001,0.8883
24/10/2001,0.8917
25/10/2001,0.8962
26/10/2001,0.8923
29/10/2001,0.9043
30/10/2001,0.9088
31/10/2001,0.9007
01/11/2001,0.9065
02/11/2001,0.9042
05/11/2001,0.8968
06/11/2001,0.8968
07/11/2001,0.8998
08/11/2001,0.8923
09/11/2001,0.8935
12/11/2001,0.8945
13/11/2001,0.8819
14/11/2001,0.8837
15/11/2001,0.8811
16/11/2001,0.8853
19/11/2001,0.8793
20/11/2001,0.8829
21/11/2001,0.8762
22/11/2001,0.8792
23/11/2001,0.8766
26/11/2001,0.8792
27/11/2001,0.8817
28/11/2001,0.8859
29/11/2001,0.8866
30/11/2001,0.8954
03/12/2001,0.8906
04/12/2001,0.8915
05/12/2001,0.8882
06/12/2001,0.8912
07/12/2001,0.8908
10/12/2001,0.8886
11/12/2001,0.8887
12/12/2001,0.8952
13/12/2001,0.8976
14/12/2001,0.9027
17/12/2001,0.905
18/12/2001,0.9017
19/12/2001,0.8984
20/12/2001,0.8974
21/12/2001,0.887
24/12/2001,0.8781
25/12/2001,0.8781
26/12/2001,0.8789
27/12/2001,0.8868
28/12/2001,0.8818
31/12/2001,0.8904
01/01/2002,0.8904
02/01/2002,0.9043
03/01/2002,0.9004
04/01/2002,0.8947
07/01/2002,0.8924
08/01/2002,0.8911
09/01/2002,0.8889
10/01/2002,0.8933
11/01/2002,0.8907
14/01/2002,0.8945
15/01/2002,0.8913
16/01/2002,0.8836
17/01/2002,0.8806
18/01/2002,0.8836
21/01/2002,0.8833
22/01/2002,0.8825
23/01/2002,0.8842
24/01/2002,0.8783
25/01/2002,0.8646
28/01/2002,0.8614
29/01/2002,0.8617
30/01/2002,0.862
31/01/2002,0.8609
01/02/2002,0.8611
04/02/2002,0.8663
05/02/2002,0.8685
06/02/2002,0.8688
07/02/2002,0.8695
08/02/2002,0.8723
11/02/2002,0.8777
12/02/2002,0.8764
13/02/2002,0.8725
14/02/2002,0.8702
15/02/2002,0.8733
18/02/2002,0.8703
19/02/2002,0.874
20/02/2002,0.8718
21/02/2002,0.8708
22/02/2002,0.8772
25/02/2002,0.8714
26/02/2002,0.8688
27/02/2002,0.8641
28/02/2002,0.865
01/03/2002,0.8657
04/03/2002,0.8694
05/03/2002,0.8693
06/03/2002,0.875
07/03/2002,0.8807
08/03/2002,0.8762
11/03/2002,0.8763
12/03/2002,0.8733
13/03/2002,0.8758
14/03/2002,0.8825
15/03/2002,0.8837
18/03/2002,0.8813
19/03/2002,0.8829
20/03/2002,0.8845
21/03/2002,0.8821
22/03/2002,0.8792
25/03/2002,0.8768
26/03/2002,0.8767
27/03/2002,0.8728
28/03/2002,0.8724
29/03/2002,0.8724
01/04/2002,0.8796
02/04/2002,0.8814
03/04/2002,0.8807
04/04/2002,0.8825
05/04/2002,0.8792
08/04/2002,0.875
09/04/2002,0.8763
10/04/2002,0.8791
11/04/2002,0.8836
12/04/2002,0.8798
15/04/2002,0.8809
16/04/2002,0.8829
17/04/2002,0.8877
18/04/2002,0.8907
19/04/2002,0.889
22/04/2002,0.8888
23/04/2002,0.8895
24/04/2002,0.892
25/04/2002,0.8986
26/04/2002,0.8987
29/04/2002,0.9015
30/04/2002,0.9011
01/05/2002,0.9062
02/05/2002,0.9029
03/05/2002,0.9129
06/05/2002,0.916
07/05/2002,0.9125
08/05/2002,0.9085
09/05/2002,0.9083
10/05/2002,0.9128
13/05/2002,0.9109
14/05/2002,0.9014
15/05/2002,0.9069
16/05/2002,0.909
17/05/2002,0.921
20/05/2002,0.9213
21/05/2002,0.9182
22/05/2002,0.9268
23/05/2002,0.9213
24/05/2002,0.9228
27/05/2002,0.9197
28/05/2002,0.929
29/05/2002,0.9322
30/05/2002,0.9377
31/05/2002,0.9343
03/06/2002,0.938
04/06/2002,0.9436
05/06/2002,0.9377
06/06/2002,0.945
07/06/2002,0.9452
10/06/2002,0.9443
11/06/2002,0.9426
12/06/2002,0.9465
13/06/2002,0.9458
14/06/2002,0.9484
17/06/2002,0.9435
18/06/2002,0.9483
19/06/2002,0.9555
20/06/2002,0.9644
21/06/2002,0.9691
24/06/2002,0.9777
25/06/2002,0.9702
26/06/2002,0.9903
27/06/2002,0.9838
28/06/2002,0.9876
01/07/2002,0.9873
02/07/2002,0.986
03/07/2002,0.9807
04/07/2002,0.9793
05/07/2002,0.9734
08/07/2002,0.987
09/07/2002,0.9932
10/07/2002,0.9875
11/07/2002,0.9893
12/07/2002,0.989
15/07/2002,1.0062
16/07/2002,1.0107
17/07/2002,1.0075
18/07/2002,1.008
19/07/2002,1.0146
22/07/2002,1.0067
23/07/2002,0.992
24/07/2002,0.9931
25/07/2002,1.0014
26/07/2002,0.9888
29/07/2002,0.9777
30/07/2002,0.9869
31/07/2002,0.9804
01/08/2002,0.9823
02/08/2002,0.9851
05/08/2002,0.9864
06/08/2002,0.9643
07/08/2002,0.9706
08/08/2002,0.9687
09/08/2002,0.9724
12/08/2002,0.9779
13/08/2002,0.9777
14/08/2002,0.9869
15/08/2002,0.9795
16/08/2002,0.9839
19/08/2002,0.9763
20/08/2002,0.9756
21/08/2002,0.9808
22/08/2002,0.9724
23/08/2002,0.9727
26/08/2002,0.9727
27/08/2002,0.9799
28/08/2002,0.9813
29/08/2002,0.9841
30/08/2002,0.9807
02/09/2002,0.9844
03/09/2002,0.9967
04/09/2002,0.9938
05/09/2002,0.9918
06/09/2002,0.985
09/09/2002,0.9816
10/09/2002,0.9739
11/09/2002,0.9718
12/09/2002,0.9763
13/09/2002,0.9786
16/09/2002,0.972
17/09/2002,0.9692
18/09/2002,0.9775
19/09/2002,0.9828
20/09/2002,0.9835
23/09/2002,0.9838
24/09/2002,0.9808
25/09/2002,0.9792
26/09/2002,0.9765
27/09/2002,0.9756
30/09/2002,0.9883
01/10/2002,0.9846
02/10/2002,0.9846
03/10/2002,0.9877
04/10/2002,0.9823
07/10/2002,0.9825
08/10/2002,0.9786
09/10/2002,0.9867
10/10/2002,0.9852
11/10/2002,0.9858
14/10/2002,0.987
15/10/2002,0.9826
16/10/2002,0.9823
17/10/2002,0.9725
18/10/2002,0.9717
21/10/2002,0.9737
22/10/2002,0.9771
23/10/2002,0.9762
24/10/2002,0.974
25/10/2002,0.9772
28/10/2002,0.9831
29/10/2002,0.9854
30/10/2002,0.9837
31/10/2002,0.9903
01/11/2002,0.9965
04/11/2002,0.9951
05/11/2002,1.0005
06/11/2002,0.9973
07/11/2002,1.0079
08/11/2002,1.0128
11/11/2002,1.0108
12/11/2002,1.0101
13/11/2002,1.0086
14/11/2002,1.0043
15/11/2002,1.0065
18/11/2002,1.0087
19/11/2002,1.0121
20/11/2002,1.0038
21/11/2002,1.0006
22/11/2002,0.9991
25/11/2002,0.9923
26/11/2002,0.9928
27/11/2002,0.9897
28/11/2002,0.995
29/11/2002,0.9948
02/12/2002,0.9942
03/12/2002,0.9973
04/12/2002,1
05/12/2002,1.0006
06/12/2002,1.0079
09/12/2002,1.0075
10/12/2002,1.0094
11/12/2002,1.0087
12/12/2002,1.0157
13/12/2002,1.0219
16/12/2002,1.0198
17/12/2002,1.0295
18/12/2002,1.0272
19/12/2002,1.0254
20/12/2002,1.0269
23/12/2002,1.0268
24/12/2002,1.0311
25/12/2002,1.0311
26/12/2002,1.0337
27/12/2002,1.0406
30/12/2002,1.0453
31/12/2002,1.0494
01/01/2003,1.0494
02/01/2003,1.0372
03/01/2003,1.0417
06/01/2003,1.0481
07/01/2003,1.043
08/01/2003,1.039
09/01/2003,1.0479
10/01/2003,1.0532
13/01/2003,1.0553
14/01/2003,1.059
15/01/2003,1.0589
16/01/2003,1.0576
17/01/2003,1.0657
20/01/2003,1.0671
21/01/2003,1.0679
22/01/2003,1.0705
23/01/2003,1.0758
24/01/2003,1.0814
27/01/2003,1.0827
28/01/2003,1.0837
29/01/2003,1.0866
30/01/2003,1.0754
31/01/2003,1.0735
03/02/2003,1.0735
04/02/2003,1.0868
05/02/2003,1.0831
06/02/2003,1.0833
07/02/2003,1.0821
10/02/2003,1.0771
11/02/2003,1.0712
12/02/2003,1.0735
13/02/2003,1.0829
14/02/2003,1.0794
17/02/2003,1.0736
18/02/2003,1.0688
19/02/2003,1.0741
20/02/2003,1.082
21/02/2003,1.0811
24/02/2003,1.0769
25/02/2003,1.0752
26/02/2003,1.0792
27/02/2003,1.0747
28/02/2003,1.0778
03/03/2003,1.0846
04/03/2003,1.0906
05/03/2003,1.0978
06/03/2003,1.0979
07/03/2003,1.10405
10/03/2003,1.1056
11/03/2003,1.10565
12/03/2003,1.10225
13/03/2003,1.08835
14/03/2003,1.07635
17/03/2003,1.0691
18/03/2003,1.0633
19/03/2003,1.059
20/03/2003,1.06175
21/03/2003,1.0543
24/03/2003,1.066
25/03/2003,1.06915
26/03/2003,1.06765
27/03/2003,1.07195
28/03/2003,1.0753
31/03/2003,1.0912
01/04/2003,1.09015
02/04/2003,1.07905
03/04/2003,1.07365
04/04/2003,1.07
07/04/2003,1.0628
08/04/2003,1.06685
09/04/2003,1.06925
10/04/2003,1.0822
11/04/2003,1.0754
14/04/2003,1.07895
15/04/2003,1.07895
16/04/2003,1.0851
17/04/2003,1.09035
18/04/2003,1.09035
21/04/2003,1.08565
22/04/2003,1.09595
23/04/2003,1.0943
24/04/2003,1.10185
25/04/2003,1.1018
28/04/2003,1.0997
29/04/2003,1.102
30/04/2003,1.116
01/05/2003,1.12625
02/05/2003,1.12205
05/05/2003,1.12785
06/05/2003,1.1343
07/05/2003,1.13545
08/05/2003,1.14515
09/05/2003,1.14885
12/05/2003,1.15465
13/05/2003,1.15165
14/05/2003,1.1494
15/05/2003,1.14655
16/05/2003,1.15405
19/05/2003,1.16865
20/05/2003,1.16525
21/05/2003,1.16975
22/05/2003,1.1682
23/05/2003,1.1786
26/05/2003,1.1868
27/05/2003,1.18725
28/05/2003,1.17405
29/05/2003,1.18275
30/05/2003,1.17615
02/06/2003,1.17175
03/06/2003,1.17145
04/06/2003,1.16775
05/06/2003,1.1847
06/06/2003,1.1696
09/06/2003,1.17595
10/06/2003,1.16825
11/06/2003,1.17555
12/06/2003,1.17305
13/06/2003,1.1799
16/06/2003,1.1857
17/06/2003,1.1815
18/06/2003,1.16915
19/06/2003,1.1685
20/06/2003,1.16225
23/06/2003,1.15295
24/06/2003,1.15175
25/06/2003,1.1568
26/06/2003,1.1447
27/06/2003,1.14245
30/06/2003,1.14835
01/07/2003,1.1596
02/07/2003,1.15165
03/07/2003,1.1523
04/07/2003,1.14865
07/07/2003,1.13435
08/07/2003,1.1297
09/07/2003,1.13245
10/07/2003,1.1344
11/07/2003,1.1304
14/07/2003,1.12795
15/07/2003,1.124
16/07/2003,1.1214
17/07/2003,1.11835
18/07/2003,1.12125
21/07/2003,1.1322
22/07/2003,1.1354
23/07/2003,1.14435
24/07/2003,1.1485
25/07/2003,1.15405
28/07/2003,1.1488
29/07/2003,1.15035
30/07/2003,1.1388
31/07/2003,1.12555
01/08/2003,1.12535
04/08/2003,1.1338
05/08/2003,1.1347
06/08/2003,1.1375
07/08/2003,1.1407
08/08/2003,1.13245
11/08/2003,1.1326
12/08/2003,1.1296
13/08/2003,1.12995
14/08/2003,1.12625
15/08/2003,1.12545
18/08/2003,1.11605
19/08/2003,1.1088
20/08/2003,1.11215
21/08/2003,1.0963
22/08/2003,1.0859
25/08/2003,1.0901
26/08/2003,1.08825
27/08/2003,1.0895
28/08/2003,1.0907
29/08/2003,1.0979
01/09/2003,1.0973
02/09/2003,1.0865
03/09/2003,1.0826
04/09/2003,1.0899
05/09/2003,1.103
08/09/2003,1.10995
09/09/2003,1.11845
10/09/2003,1.12105
11/09/2003,1.1186
12/09/2003,1.1301
15/09/2003,1.12965
16/09/2003,1.11905
17/09/2003,1.1237
18/09/2003,1.1262
19/09/2003,1.1348
22/09/2003,1.1478
23/09/2003,1.1484
24/09/2003,1.14695
25/09/2003,1.15205
26/09/2003,1.1473
29/09/2003,1.15365
30/09/2003,1.16455
01/10/2003,1.17145
02/10/2003,1.1689
03/10/2003,1.1628
06/10/2003,1.16635
07/10/2003,1.17705
08/10/2003,1.18105
09/10/2003,1.17355
10/10/2003,1.18045
13/10/2003,1.1677
14/10/2003,1.16985
15/10/2003,1.1637
16/10/2003,1.1694
17/10/2003,1.1634
20/10/2003,1.1664
21/10/2003,1.16855
22/10/2003,1.17875
23/10/2003,1.1788
24/10/2003,1.18235
27/10/2003,1.17735
28/10/2003,1.1687
29/10/2003,1.1692
30/10/2003,1.1687
31/10/2003,1.1625
03/11/2003,1.1472
04/11/2003,1.1501
05/11/2003,1.14855
06/11/2003,1.1433
07/11/2003,1.1474
10/11/2003,1.15055
11/11/2003,1.1524
12/11/2003,1.16355
13/11/2003,1.1706
14/11/2003,1.17695
17/11/2003,1.1788
18/11/2003,1.18935
19/11/2003,1.19235
20/11/2003,1.1917
21/11/2003,1.19315
24/11/2003,1.1774
25/11/2003,1.1794
26/11/2003,1.19225
27/11/2003,1.18985
28/11/2003,1.1987
01/12/2003,1.19625
02/12/2003,1.20855
03/12/2003,1.21075
04/12/2003,1.2061
05/12/2003,1.2141
08/12/2003,1.22175
09/12/2003,1.2203
10/12/2003,1.22385
11/12/2003,1.21445
12/12/2003,1.2262
15/12/2003,1.22925
16/12/2003,1.23325
17/12/2003,1.2381
18/12/2003,1.23735
19/12/2003,1.2353
22/12/2003,1.2421
23/12/2003,1.24195
24/12/2003,1.24545
25/12/2003,1.24545
26/12/2003,1.24495
29/12/2003,1.24835
30/12/2003,1.25305
31/12/2003,1.26135
01/01/2004,1.26135
02/01/2004,1.2587
05/01/2004,1.26715
06/01/2004,1.27475
07/01/2004,1.26935
08/01/2004,1.2722
09/01/2004,1.2845
12/01/2004,1.28015
13/01/2004,1.27855
14/01/2004,1.26835
15/01/2004,1.2603
16/01/2004,1.2394
19/01/2004,1.2375
20/01/2004,1.25695
21/01/2004,1.2625
22/01/2004,1.27065
23/01/2004,1.2683
26/01/2004,1.25615
27/01/2004,1.26095
28/01/2004,1.2588
29/01/2004,1.23715
30/01/2004,1.2423
02/02/2004,1.2441
03/02/2004,1.25565
04/02/2004,1.25175
05/02/2004,1.26015
06/02/2004,1.2713
09/02/2004,1.26775
10/02/2004,1.26925
11/02/2004,1.26745
12/02/2004,1.2823
13/02/2004,1.27895
16/02/2004,1.2784
17/02/2004,1.2822
18/02/2004,1.28265
19/02/2004,1.2677
20/02/2004,1.25715
23/02/2004,1.25595
24/02/2004,1.267
25/02/2004,1.2543
26/02/2004,1.24195
27/02/2004,1.2425
01/03/2004,1.2445
02/03/2004,1.22985
03/03/2004,1.2133
04/03/2004,1.2186
05/03/2004,1.2421
08/03/2004,1.2355
09/03/2004,1.2409
10/03/2004,1.2224
11/03/2004,1.225
12/03/2004,1.21905
15/03/2004,1.22245
16/03/2004,1.2343
17/03/2004,1.2195
18/03/2004,1.2377
19/03/2004,1.2338
22/03/2004,1.2375
23/03/2004,1.23015
24/03/2004,1.22125
25/03/2004,1.21745
26/03/2004,1.20985
29/03/2004,1.21515
30/03/2004,1.21815
31/03/2004,1.2289
01/04/2004,1.23655
02/04/2004,1.21525
05/04/2004,1.20135
06/04/2004,1.206
07/04/2004,1.2169
08/04/2004,1.21045
09/04/2004,1.21045
12/04/2004,1.20705
13/04/2004,1.19095
14/04/2004,1.19235
15/04/2004,1.19335
16/04/2004,1.2031
19/04/2004,1.203
20/04/2004,1.19165
21/04/2004,1.18735
22/04/2004,1.1864
23/04/2004,1.1825
26/04/2004,1.18545
27/04/2004,1.19035
28/04/2004,1.18435
29/04/2004,1.19425
30/04/2004,1.19875
03/05/2004,1.19545
04/05/2004,1.20855
05/05/2004,1.21265
06/05/2004,1.20775
07/05/2004,1.19095
10/05/2004,1.1856
11/05/2004,1.18065
12/05/2004,1.18975
13/05/2004,1.18375
14/05/2004,1.18555
17/05/2004,1.19975
18/05/2004,1.19605
19/05/2004,1.20335
20/05/2004,1.19265
21/05/2004,1.2018
24/05/2004,1.19625
25/05/2004,1.21035
26/05/2004,1.20925
27/05/2004,1.22635
28/05/2004,1.22115
31/05/2004,1.22115
01/06/2004,1.22215
02/06/2004,1.22735
03/06/2004,1.22435
04/06/2004,1.22405
07/06/2004,1.23095
08/06/2004,1.22655
09/06/2004,1.20915
10/06/2004,1.20925
11/06/2004,1.20105
14/06/2004,1.20845
15/06/2004,1.20775
16/06/2004,1.20095
17/06/2004,1.2035
18/06/2004,1.21255
21/06/2004,1.20935
22/06/2004,1.20915
23/06/2004,1.20905
24/06/2004,1.21775
25/06/2004,1.21375
28/06/2004,1.21905
29/06/2004,1.21165
30/06/2004,1.21665
01/07/2004,1.21575
02/07/2004,1.23005
05/07/2004,1.22725
06/07/2004,1.22725
07/07/2004,1.23625
08/07/2004,1.24005
09/07/2004,1.2389
12/07/2004,1.24065
13/07/2004,1.23235
14/07/2004,1.23895
15/07/2004,1.23715
16/07/2004,1.24455
19/07/2004,1.24225
20/07/2004,1.23775
21/07/2004,1.22245
22/07/2004,1.22715
23/07/2004,1.21175
26/07/2004,1.21515
27/07/2004,1.20675
28/07/2004,1.20395
29/07/2004,1.207
30/07/2004,1.20395
02/08/2004,1.20355
03/08/2004,1.20625
04/08/2004,1.20555
05/08/2004,1.20465
06/08/2004,1.22575
09/08/2004,1.22565
10/08/2004,1.23145
11/08/2004,1.22045
12/08/2004,1.22305
13/08/2004,1.23525
16/08/2004,1.23435
17/08/2004,1.23295
18/08/2004,1.22925
19/08/2004,1.23585
20/08/2004,1.23255
23/08/2004,1.22075
24/08/2004,1.21215
25/08/2004,1.20965
26/08/2004,1.2091
27/08/2004,1.20365
30/08/2004,1.2042
31/08/2004,1.2153
01/09/2004,1.21705
02/09/2004,1.21555
03/09/2004,1.20535
06/09/2004,1.20775
07/09/2004,1.20775
08/09/2004,1.21275
09/09/2004,1.21665
10/09/2004,1.22965
13/09/2004,1.22445
14/09/2004,1.22815
15/09/2004,1.21465
16/09/2004,1.21385
17/09/2004,1.21645
20/09/2004,1.21475
21/09/2004,1.22555
22/09/2004,1.22385
23/09/2004,1.22965
24/09/2004,1.22675
27/09/2004,1.22985
28/09/2004,1.23125
29/09/2004,1.23145
30/09/2004,1.242
01/10/2004,1.23945
04/10/2004,1.2261
05/10/2004,1.23065
06/10/2004,1.23035
07/10/2004,1.22855
08/10/2004,1.24155
11/10/2004,1.23805
12/10/2004,1.2308
13/10/2004,1.22665
14/10/2004,1.23935
15/10/2004,1.24815
18/10/2004,1.25185
19/10/2004,1.25175
20/10/2004,1.26045
21/10/2004,1.26075
22/10/2004,1.26315
25/10/2004,1.27755
26/10/2004,1.27745
27/10/2004,1.27705
28/10/2004,1.27355
29/10/2004,1.27205
01/11/2004,1.2745
02/11/2004,1.26995
03/11/2004,1.28005
04/11/2004,1.28825
05/11/2004,1.29115
08/11/2004,1.29505
09/11/2004,1.29135
10/11/2004,1.29165
11/11/2004,1.2895
12/11/2004,1.29325
15/11/2004,1.29405
16/11/2004,1.29775
17/11/2004,1.30245
18/11/2004,1.29885
19/11/2004,1.30585
22/11/2004,1.30425
23/11/2004,1.30885
24/11/2004,1.31595
25/11/2004,1.32395
26/11/2004,1.326
29/11/2004,1.32855
30/11/2004,1.32905
01/12/2004,1.33055
02/12/2004,1.32695
03/12/2004,1.33705
06/12/2004,1.34265
07/12/2004,1.34275
08/12/2004,1.3267
09/12/2004,1.32575
10/12/2004,1.32225
13/12/2004,1.32975
14/12/2004,1.32835
15/12/2004,1.34215
16/12/2004,1.32865
17/12/2004,1.3254
20/12/2004,1.34075
21/12/2004,1.33645
22/12/2004,1.3386
23/12/2004,1.35025
24/12/2004,1.35375
27/12/2004,1.3622
28/12/2004,1.36025
29/12/2004,1.35855
30/12/2004,1.363
31/12/2004,1.35925
03/01/2005,1.3461
04/01/2005,1.32925
05/01/2005,1.32765
06/01/2005,1.3172
07/01/2005,1.30475
10/01/2005,1.30955
11/01/2005,1.31505
12/01/2005,1.32855
13/01/2005,1.32025
14/01/2005,1.30945
17/01/2005,1.30835
18/01/2005,1.30235
19/01/2005,1.30335
20/01/2005,1.2952
21/01/2005,1.29985
24/01/2005,1.30435
25/01/2005,1.29565
26/01/2005,1.30715
27/01/2005,1.30385
28/01/2005,1.30095
31/01/2005,1.30355
01/02/2005,1.30065
02/02/2005,1.30335
03/02/2005,1.29545
04/02/2005,1.29425
07/02/2005,1.28315
08/02/2005,1.27695
09/02/2005,1.27895
10/02/2005,1.28925
11/02/2005,1.28765
14/02/2005,1.29645
15/02/2005,1.29675
16/02/2005,1.29845
17/02/2005,1.30645
18/02/2005,1.30655
21/02/2005,1.30715
22/02/2005,1.32215
23/02/2005,1.31935
24/02/2005,1.32045
25/02/2005,1.31905
28/02/2005,1.32735
01/03/2005,1.31855
02/03/2005,1.3115
03/03/2005,1.31275
04/03/2005,1.32445
07/03/2005,1.31905
08/03/2005,1.33455
09/03/2005,1.33605
10/03/2005,1.34095
11/03/2005,1.346
14/03/2005,1.33705
15/03/2005,1.33125
16/03/2005,1.34295
17/03/2005,1.33795
18/03/2005,1.32875
21/03/2005,1.31825
22/03/2005,1.32035
23/03/2005,1.30125
24/03/2005,1.29665
25/03/2005,1.29665
28/03/2005,1.28755
29/03/2005,1.29135
30/03/2005,1.29625
31/03/2005,1.29965
01/04/2005,1.29605
04/04/2005,1.28255
05/04/2005,1.28385
06/04/2005,1.285
07/04/2005,1.29035
08/04/2005,1.28475
11/04/2005,1.29595
12/04/2005,1.2884
13/04/2005,1.28975
14/04/2005,1.2808
15/04/2005,1.29305
18/04/2005,1.30125
19/04/2005,1.30355
20/04/2005,1.3067
21/04/2005,1.31085
22/04/2005,1.30805
25/04/2005,1.29785
26/04/2005,1.29585
27/04/2005,1.2964
28/04/2005,1.29155
29/04/2005,1.29095
02/05/2005,1.28385
03/05/2005,1.28875
04/05/2005,1.29555
05/05/2005,1.294
06/05/2005,1.2846
09/05/2005,1.28265
10/05/2005,1.28785
11/05/2005,1.28145
12/05/2005,1.27125
13/05/2005,1.26465
16/05/2005,1.26215
17/05/2005,1.26325
18/05/2005,1.26375
19/05/2005,1.26195
20/05/2005,1.25455
23/05/2005,1.25815
24/05/2005,1.25825
25/05/2005,1.25945
26/05/2005,1.25225
27/05/2005,1.25445
30/05/2005,1.24745
31/05/2005,1.23475
01/06/2005,1.2263
02/06/2005,1.2284
03/06/2005,1.22735
06/06/2005,1.22825
07/06/2005,1.22705
08/06/2005,1.23285
09/06/2005,1.21925
10/06/2005,1.21225
13/06/2005,1.20375
14/06/2005,1.20455
15/06/2005,1.21095
16/06/2005,1.20845
17/06/2005,1.22305
20/06/2005,1.2137
21/06/2005,1.21345
22/06/2005,1.21325
23/06/2005,1.20515
24/06/2005,1.2088
27/06/2005,1.21615
28/06/2005,1.20795
29/06/2005,1.20685
30/06/2005,1.21065
01/07/2005,1.19675
04/07/2005,1.19065
05/07/2005,1.19075
06/07/2005,1.19275
07/07/2005,1.19515
08/07/2005,1.19335
11/07/2005,1.20685
12/07/2005,1.21995
13/07/2005,1.20925
14/07/2005,1.21035
15/07/2005,1.20425
18/07/2005,1.20585
19/07/2005,1.19905
20/07/2005,1.20135
21/07/2005,1.21195
22/07/2005,1.21145
25/07/2005,1.20655
26/07/2005,1.20225
27/07/2005,1.20385
28/07/2005,1.20835
29/07/2005,1.21465
01/08/2005,1.22085
02/08/2005,1.22085
03/08/2005,1.23165
04/08/2005,1.23695
05/08/2005,1.23375
08/08/2005,1.23655
09/08/2005,1.23465
10/08/2005,1.2383
11/08/2005,1.24405
12/08/2005,1.24325
15/08/2005,1.2366
16/08/2005,1.23265
17/08/2005,1.23045
18/08/2005,1.21745
19/08/2005,1.21435
22/08/2005,1.22325
23/08/2005,1.22035
24/08/2005,1.22535
25/08/2005,1.22885
26/08/2005,1.23315
29/08/2005,1.22695
30/08/2005,1.21915
31/08/2005,1.22985
01/09/2005,1.24665
02/09/2005,1.25475
05/09/2005,1.25165
06/09/2005,1.24815
07/09/2005,1.24475
08/09/2005,1.24125
09/09/2005,1.24285
12/09/2005,1.22845
13/09/2005,1.22775
14/09/2005,1.23045
15/09/2005,1.22175
16/09/2005,1.22165
19/09/2005,1.21475
20/09/2005,1.21725
21/09/2005,1.22265
22/09/2005,1.21455
23/09/2005,1.2069
26/09/2005,1.20315
27/09/2005,1.20045
28/09/2005,1.20085
29/09/2005,1.20115
30/09/2005,1.20565
03/10/2005,1.19095
04/10/2005,1.19375
05/10/2005,1.19545
06/10/2005,1.21335
07/10/2005,1.21155
10/10/2005,1.20445
11/10/2005,1.19955
12/10/2005,1.20285
13/10/2005,1.1933
14/10/2005,1.2071
17/10/2005,1.20295
18/10/2005,1.19285
19/10/2005,1.19845
20/10/2005,1.19805
21/10/2005,1.20155
24/10/2005,1.19795
25/10/2005,1.20995
26/10/2005,1.20785
27/10/2005,1.21455
28/10/2005,1.21005
31/10/2005,1.19775
01/11/2005,1.19905
02/11/2005,1.20655
03/11/2005,1.2005
04/11/2005,1.18135
07/11/2005,1.17945
08/11/2005,1.17585
09/11/2005,1.17335
10/11/2005,1.17465
11/11/2005,1.17055
14/11/2005,1.17015
15/11/2005,1.16735
16/11/2005,1.16625
17/11/2005,1.17265
18/11/2005,1.17065
21/11/2005,1.17395
22/11/2005,1.17175
23/11/2005,1.17915
24/11/2005,1.17875
25/11/2005,1.17325
28/11/2005,1.17935
29/11/2005,1.17625
30/11/2005,1.17895
01/12/2005,1.1713
02/12/2005,1.16925
05/12/2005,1.17605
06/12/2005,1.1777
07/12/2005,1.17225
08/12/2005,1.18255
09/12/2005,1.18335
12/12/2005,1.19535
13/12/2005,1.19325
14/12/2005,1.203
15/12/2005,1.19485
16/12/2005,1.20055
19/12/2005,1.19945
20/12/2005,1.18885
21/12/2005,1.1813
22/12/2005,1.18655
23/12/2005,1.18685
26/12/2005,1.18685
27/12/2005,1.18625
28/12/2005,1.19155
29/12/2005,1.1844
30/12/2005,1.17955
02/01/2006,1.17955
03/01/2006,1.19775
04/01/2006,1.20885
05/01/2006,1.20925
06/01/2006,1.21465
09/01/2006,1.20755
10/01/2006,1.20695
11/01/2006,1.20985
12/01/2006,1.20385
13/01/2006,1.20755
16/01/2006,1.21205
17/01/2006,1.20655
18/01/2006,1.21005
19/01/2006,1.21155
20/01/2006,1.2094
23/01/2006,1.22825
24/01/2006,1.22755
25/01/2006,1.22635
26/01/2006,1.2249
27/01/2006,1.21365
30/01/2006,1.20835
31/01/2006,1.2143
01/02/2006,1.20995
02/02/2006,1.20875
03/02/2006,1.20005
06/02/2006,1.1979
07/02/2006,1.19525
08/02/2006,1.19505
09/02/2006,1.19515
10/02/2006,1.19115
13/02/2006,1.19065
14/02/2006,1.18735
15/02/2006,1.18985
16/02/2006,1.18845
17/02/2006,1.19215
20/02/2006,1.19465
21/02/2006,1.18995
22/02/2006,1.18775
23/02/2006,1.19215
24/02/2006,1.18685
27/02/2006,1.18575
28/02/2006,1.19225
01/03/2006,1.19315
02/03/2006,1.19835
03/03/2006,1.20115
06/03/2006,1.20095
07/03/2006,1.18855
08/03/2006,1.19195
09/03/2006,1.19215
10/03/2006,1.1881
13/03/2006,1.19265
14/03/2006,1.20185
15/03/2006,1.20345
16/03/2006,1.21545
17/03/2006,1.21715
20/03/2006,1.21735
21/03/2006,1.20915
22/03/2006,1.20875
23/03/2006,1.19835
24/03/2006,1.20135
27/03/2006,1.20305
28/03/2006,1.20845
29/03/2006,1.19995
30/03/2006,1.21415
31/03/2006,1.21015
03/04/2006,1.21145
04/04/2006,1.22615
05/04/2006,1.22695
06/04/2006,1.223
07/04/2006,1.21135
10/04/2006,1.21045
11/04/2006,1.21275
12/04/2006,1.21105
13/04/2006,1.20885
14/04/2006,1.20885
17/04/2006,1.22805
18/04/2006,1.22825
19/04/2006,1.2333
20/04/2006,1.23065
21/04/2006,1.23385
24/04/2006,1.23665
25/04/2006,1.24045
26/04/2006,1.24415
27/04/2006,1.25395
28/04/2006,1.25965
01/05/2006,1.26185
02/05/2006,1.26435
03/05/2006,1.26105
04/05/2006,1.26875
05/05/2006,1.27385
08/05/2006,1.27175
09/05/2006,1.27615
10/05/2006,1.27965
11/05/2006,1.28205
12/05/2006,1.28825
15/05/2006,1.28315
16/05/2006,1.28485
17/05/2006,1.27865
18/05/2006,1.28105
19/05/2006,1.27055
22/05/2006,1.28145
23/05/2006,1.28495
24/05/2006,1.27615
25/05/2006,1.27795
26/05/2006,1.27205
29/05/2006,1.27555
30/05/2006,1.28885
31/05/2006,1.28445
01/06/2006,1.2818
02/06/2006,1.29305
05/06/2006,1.29415
06/06/2006,1.28145
07/06/2006,1.27755
08/06/2006,1.26375
09/06/2006,1.26455
12/06/2006,1.25845
13/06/2006,1.25625
14/06/2006,1.26175
15/06/2006,1.26225
16/06/2006,1.26395
19/06/2006,1.25535
20/06/2006,1.25735
21/06/2006,1.26415
22/06/2006,1.25745
23/06/2006,1.25165
26/06/2006,1.25515
27/06/2006,1.25955
28/06/2006,1.25275
29/06/2006,1.25385
30/06/2006,1.27865
03/07/2006,1.28025
04/07/2006,1.27985
05/07/2006,1.27175
06/07/2006,1.27525
07/07/2006,1.28225
10/07/2006,1.27385
11/07/2006,1.27505
12/07/2006,1.26875
13/07/2006,1.26935
14/07/2006,1.26345
17/07/2006,1.25185
18/07/2006,1.24925
19/07/2006,1.25655
20/07/2006,1.26465
21/07/2006,1.26865
24/07/2006,1.26255
25/07/2006,1.2627
26/07/2006,1.26155
27/07/2006,1.27335
28/07/2006,1.27655
31/07/2006,1.27615
01/08/2006,1.27425
02/08/2006,1.28105
03/08/2006,1.2792
04/08/2006,1.28945
07/08/2006,1.28595
08/08/2006,1.28375
09/08/2006,1.28845
10/08/2006,1.27745
11/08/2006,1.27655
14/08/2006,1.27445
15/08/2006,1.27865
16/08/2006,1.28525
17/08/2006,1.2862
18/08/2006,1.28205
21/08/2006,1.29195
22/08/2006,1.28135
23/08/2006,1.27955
24/08/2006,1.27945
25/08/2006,1.27465
28/08/2006,1.27905
29/08/2006,1.27555
30/08/2006,1.28315
31/08/2006,1.28005
01/09/2006,1.28035
04/09/2006,1.28645
05/09/2006,1.28065
06/09/2006,1.27885
07/09/2006,1.27315
08/09/2006,1.26685
11/09/2006,1.26925
12/09/2006,1.26895
13/09/2006,1.26775
14/09/2006,1.27495
15/09/2006,1.26505
18/09/2006,1.26855
19/09/2006,1.2704
20/09/2006,1.27025
21/09/2006,1.2721
22/09/2006,1.28025
25/09/2006,1.27395
26/09/2006,1.26745
27/09/2006,1.27085
28/09/2006,1.26885
29/09/2006,1.26675
02/10/2006,1.27445
03/10/2006,1.2739
04/10/2006,1.26875
05/10/2006,1.26885
06/10/2006,1.25865
09/10/2006,1.26025
10/10/2006,1.25385
11/10/2006,1.25485
12/10/2006,1.2536
13/10/2006,1.24945
16/10/2006,1.25165
17/10/2006,1.25395
18/10/2006,1.25135
19/10/2006,1.25965
20/10/2006,1.26035
23/10/2006,1.25505
24/10/2006,1.25465
25/10/2006,1.25875
26/10/2006,1.26695
27/10/2006,1.27235
30/10/2006,1.27165
31/10/2006,1.27635
01/11/2006,1.27725
02/11/2006,1.27675
03/11/2006,1.27035
06/11/2006,1.27125
07/11/2006,1.28005
08/11/2006,1.27575
09/11/2006,1.27935
10/11/2006,1.28595
13/11/2006,1.28135
14/11/2006,1.28115
15/11/2006,1.28075
16/11/2006,1.28065
17/11/2006,1.28275
20/11/2006,1.28165
21/11/2006,1.28265
22/11/2006,1.29345
23/11/2006,1.29505
24/11/2006,1.30925
27/11/2006,1.31235
28/11/2006,1.31505
29/11/2006,1.31525
30/11/2006,1.32555
01/12/2006,1.33355
04/12/2006,1.33245
05/12/2006,1.33075
06/12/2006,1.33165
07/12/2006,1.32965
08/12/2006,1.33175
11/12/2006,1.32155
12/12/2006,1.32405
13/12/2006,1.32215
14/12/2006,1.31705
15/12/2006,1.30895
18/12/2006,1.30665
19/12/2006,1.317
20/12/2006,1.3184
21/12/2006,1.31645
22/12/2006,1.31555
25/12/2006,1.31555
26/12/2006,1.3135
27/12/2006,1.31255
28/12/2006,1.31435
29/12/2006,1.31865
01/01/2007,1.31865
02/01/2007,1.32775
03/01/2007,1.31955
04/01/2007,1.30895
05/01/2007,1.29935
08/01/2007,1.30085
09/01/2007,1.30015
10/01/2007,1.29465
11/01/2007,1.28905
12/01/2007,1.29325
15/01/2007,1.29345
16/01/2007,1.29305
17/01/2007,1.29485
18/01/2007,1.29495
19/01/2007,1.29445
22/01/2007,1.29565
23/01/2007,1.30325
24/01/2007,1.29645
25/01/2007,1.29765
26/01/2007,1.29045
29/01/2007,1.29355
30/01/2007,1.29565
31/01/2007,1.29945
01/02/2007,1.30225
02/02/2007,1.29745
05/02/2007,1.29255
06/02/2007,1.29515
07/02/2007,1.30165
08/02/2007,1.30385
09/02/2007,1.29975
12/02/2007,1.29625
13/02/2007,1.30135
14/02/2007,1.31255
15/02/2007,1.31425
16/02/2007,1.31225
19/02/2007,1.31405
20/02/2007,1.31535
21/02/2007,1.31305
22/02/2007,1.31075
23/02/2007,1.31665
26/02/2007,1.31705
27/02/2007,1.32445
28/02/2007,1.32095
01/03/2007,1.31645
02/03/2007,1.31715
05/03/2007,1.3099
06/03/2007,1.31075
07/03/2007,1.31455
08/03/2007,1.31255
09/03/2007,1.31135
12/03/2007,1.31855
13/03/2007,1.31995
14/03/2007,1.32265
15/03/2007,1.32475
16/03/2007,1.33065
19/03/2007,1.32985
20/03/2007,1.32905
21/03/2007,1.33045
22/03/2007,1.33585
23/03/2007,1.33015
26/03/2007,1.33325
27/03/2007,1.33475
28/03/2007,1.33675
29/03/2007,1.33335
30/03/2007,1.33115
02/04/2007,1.33745
03/04/2007,1.33725
04/04/2007,1.33745
05/04/2007,1.34365
06/04/2007,1.34365
09/04/2007,1.33665
10/04/2007,1.34425
11/04/2007,1.34385
12/04/2007,1.34965
13/04/2007,1.35135
16/04/2007,1.35485
17/04/2007,1.35705
18/04/2007,1.35835
19/04/2007,1.36075
20/04/2007,1.35935
23/04/2007,1.3566
24/04/2007,1.36225
25/04/2007,1.36605
26/04/2007,1.36055
27/04/2007,1.36565
30/04/2007,1.36475
01/05/2007,1.35965
02/05/2007,1.35955
03/05/2007,1.35655
04/05/2007,1.35875
07/05/2007,1.36215
08/05/2007,1.35265
09/05/2007,1.35515
10/05/2007,1.3513
11/05/2007,1.35225
14/05/2007,1.35385
15/05/2007,1.35965
16/05/2007,1.35735
17/05/2007,1.34915
18/05/2007,1.34945
21/05/2007,1.34575
22/05/2007,1.34625
23/05/2007,1.34895
24/05/2007,1.34355
25/05/2007,1.34565
28/05/2007,1.34565
29/05/2007,1.34835
30/05/2007,1.34305
31/05/2007,1.34565
01/06/2007,1.34185
04/06/2007,1.3483
05/06/2007,1.35225
06/06/2007,1.34925
07/06/2007,1.34585
08/06/2007,1.33595
11/06/2007,1.33445
12/06/2007,1.33165
13/06/2007,1.33045
14/06/2007,1.33125
15/06/2007,1.3364
18/06/2007,1.33955
19/06/2007,1.34085
20/06/2007,1.34175
21/06/2007,1.33985
22/06/2007,1.34285
25/06/2007,1.34525
26/06/2007,1.34605
27/06/2007,1.34315
28/06/2007,1.34645
29/06/2007,1.35055
02/07/2007,1.36285
03/07/2007,1.36115
04/07/2007,1.36235
05/07/2007,1.35995
06/07/2007,1.36315
09/07/2007,1.36275
10/07/2007,1.37195
11/07/2007,1.3776
12/07/2007,1.37705
13/07/2007,1.37745
16/07/2007,1.37735
17/07/2007,1.37855
18/07/2007,1.38085
19/07/2007,1.38225
20/07/2007,1.38345
23/07/2007,1.38175
24/07/2007,1.38245
25/07/2007,1.37055
26/07/2007,1.37195
27/07/2007,1.36555
30/07/2007,1.36835
31/07/2007,1.36885
01/08/2007,1.36755
02/08/2007,1.36735
03/08/2007,1.37655
06/08/2007,1.37955
07/08/2007,1.37645
08/08/2007,1.38175
09/08/2007,1.37055
10/08/2007,1.36785
13/08/2007,1.36155
14/08/2007,1.35715
15/08/2007,1.34695
16/08/2007,1.34015
17/08/2007,1.35155
20/08/2007,1.34795
21/08/2007,1.34895
22/08/2007,1.35155
23/08/2007,1.35745
24/08/2007,1.36385
27/08/2007,1.36415
28/08/2007,1.36425
29/08/2007,1.36475
30/08/2007,1.36365
31/08/2007,1.36325
03/09/2007,1.3611
04/09/2007,1.35875
05/09/2007,1.36505
06/09/2007,1.36915
07/09/2007,1.37635
10/09/2007,1.37925
11/09/2007,1.38345
12/09/2007,1.38855
13/09/2007,1.3881
14/09/2007,1.38685
17/09/2007,1.38675
18/09/2007,1.38695
19/09/2007,1.39575
20/09/2007,1.40865
21/09/2007,1.40935
24/09/2007,1.40925
25/09/2007,1.41235
26/09/2007,1.41215
27/09/2007,1.41515
28/09/2007,1.42215
01/10/2007,1.42425
02/10/2007,1.41535
03/10/2007,1.41455
04/10/2007,1.41355
05/10/2007,1.41425
08/10/2007,1.40645
09/10/2007,1.40885
10/10/2007,1.41635
11/10/2007,1.42375
12/10/2007,1.41715
15/10/2007,1.42245
16/10/2007,1.4156
17/10/2007,1.41965
18/10/2007,1.42795
19/10/2007,1.42505
22/10/2007,1.41455
23/10/2007,1.42415
24/10/2007,1.42285
25/10/2007,1.43065
26/10/2007,1.43865
29/10/2007,1.44035
30/10/2007,1.44235
31/10/2007,1.44675
01/11/2007,1.44345
02/11/2007,1.44815
05/11/2007,1.44705
06/11/2007,1.4551
07/11/2007,1.4665
08/11/2007,1.46885
09/11/2007,1.46785
12/11/2007,1.45365
13/11/2007,1.46025
14/11/2007,1.46905
15/11/2007,1.46275
16/11/2007,1.46325
19/11/2007,1.46545
20/11/2007,1.47805
21/11/2007,1.48235
22/11/2007,1.48485
23/11/2007,1.48005
26/11/2007,1.48395
27/11/2007,1.48605
28/11/2007,1.47565
29/11/2007,1.47715
30/11/2007,1.46785
03/12/2007,1.46585
04/12/2007,1.47535
05/12/2007,1.46565
06/12/2007,1.4621
07/12/2007,1.46535
10/12/2007,1.47135
11/12/2007,1.46935
12/12/2007,1.46785
13/12/2007,1.46025
14/12/2007,1.44355
17/12/2007,1.43775
18/12/2007,1.44025
19/12/2007,1.43875
20/12/2007,1.43445
21/12/2007,1.43715
24/12/2007,1.44035
25/12/2007,1.44035
26/12/2007,1.45025
27/12/2007,1.45685
28/12/2007,1.47045
31/12/2007,1.46205
01/01/2008,1.46205
02/01/2008,1.47255
03/01/2008,1.47225
04/01/2008,1.47745
07/01/2008,1.47175
08/01/2008,1.47145
09/01/2008,1.46685
10/01/2008,1.47355
11/01/2008,1.47915
14/01/2008,1.48805
15/01/2008,1.48535
16/01/2008,1.46835
17/01/2008,1.46885
18/01/2008,1.46245
21/01/2008,1.4479
22/01/2008,1.46145
23/01/2008,1.45565
24/01/2008,1.47125
25/01/2008,1.46975
28/01/2008,1.47955
29/01/2008,1.47675
30/01/2008,1.47855
31/01/2008,1.4806
01/02/2008,1.48225
04/02/2008,1.48155
05/02/2008,1.46425
06/02/2008,1.46575
07/02/2008,1.45035
08/02/2008,1.44965
11/02/2008,1.44965
12/02/2008,1.45915
13/02/2008,1.45645
14/02/2008,1.46225
15/02/2008,1.46885
18/02/2008,1.4651
19/02/2008,1.47445
20/02/2008,1.46475
21/02/2008,1.47905
22/02/2008,1.48145
25/02/2008,1.48305
26/02/2008,1.48825
27/02/2008,1.50995
28/02/2008,1.51785
29/02/2008,1.5181
03/03/2008,1.52015
04/03/2008,1.52345
05/03/2008,1.52685
06/03/2008,1.53565
07/03/2008,1.53555
10/03/2008,1.53695
11/03/2008,1.53275
12/03/2008,1.54945
13/03/2008,1.55815
14/03/2008,1.56055
17/03/2008,1.57645
18/03/2008,1.57845
19/03/2008,1.56425
20/03/2008,1.54165
21/03/2008,1.54165
24/03/2008,1.53945
25/03/2008,1.55945
26/03/2008,1.57595
27/03/2008,1.57985
28/03/2008,1.57585
31/03/2008,1.58455
01/04/2008,1.55955
02/04/2008,1.561
03/04/2008,1.5635
04/04/2008,1.57425
07/04/2008,1.57125
08/04/2008,1.57075
09/04/2008,1.5777
10/04/2008,1.5789
11/04/2008,1.582
14/04/2008,1.58415
15/04/2008,1.58035
16/04/2008,1.59505
17/04/2008,1.59035
18/04/2008,1.57315
21/04/2008,1.59185
22/04/2008,1.59785
23/04/2008,1.58775
24/04/2008,1.57005
25/04/2008,1.56595
28/04/2008,1.56425
29/04/2008,1.5608
30/04/2008,1.5569
01/05/2008,1.54505
02/05/2008,1.54045
05/05/2008,1.54815
06/05/2008,1.55545
07/05/2008,1.5398
08/05/2008,1.54205
09/05/2008,1.54325
12/05/2008,1.55015
13/05/2008,1.5485
14/05/2008,1.54575
15/05/2008,1.54775
16/05/2008,1.5552
19/05/2008,1.55145
20/05/2008,1.56375
21/05/2008,1.57675
22/05/2008,1.57155
23/05/2008,1.57685
26/05/2008,1.5776
27/05/2008,1.57205
28/05/2008,1.56275
29/05/2008,1.55325
30/05/2008,1.55405
02/06/2008,1.55285
03/06/2008,1.54605
04/06/2008,1.54485
05/06/2008,1.55365
06/06/2008,1.57345
09/06/2008,1.57295
10/06/2008,1.54825
11/06/2008,1.5536
12/06/2008,1.54195
13/06/2008,1.53435
16/06/2008,1.5461
17/06/2008,1.55045
18/06/2008,1.55165
19/06/2008,1.54885
20/06/2008,1.56325
23/06/2008,1.54855
24/06/2008,1.55925
25/06/2008,1.55655
26/06/2008,1.57485
27/06/2008,1.57505
30/06/2008,1.57555
01/07/2008,1.57545
02/07/2008,1.58655
03/07/2008,1.57145
04/07/2008,1.5692
07/07/2008,1.56635
08/07/2008,1.56795
09/07/2008,1.57305
10/07/2008,1.5794
11/07/2008,1.59095
14/07/2008,1.58975
15/07/2008,1.59715
16/07/2008,1.58215
17/07/2008,1.58825
18/07/2008,1.5852
21/07/2008,1.58605
22/07/2008,1.58365
23/07/2008,1.56965
24/07/2008,1.56715
25/07/2008,1.56705
28/07/2008,1.57375
29/07/2008,1.55935
30/07/2008,1.55575
31/07/2008,1.56025
01/08/2008,1.55615
04/08/2008,1.56095
05/08/2008,1.54865
06/08/2008,1.54185
07/08/2008,1.53765
08/08/2008,1.50315
11/08/2008,1.49995
12/08/2008,1.49095
13/08/2008,1.4868
14/08/2008,1.48975
15/08/2008,1.46895
18/08/2008,1.47025
19/08/2008,1.47025
20/08/2008,1.4728
21/08/2008,1.48825
22/08/2008,1.48155
25/08/2008,1.4778
26/08/2008,1.46505
27/08/2008,1.47075
28/08/2008,1.47225
29/08/2008,1.47225
01/09/2008,1.45895
02/09/2008,1.45215
03/09/2008,1.44585
04/09/2008,1.43845
05/09/2008,1.42645
08/09/2008,1.42055
09/09/2008,1.41335
10/09/2008,1.40555
11/09/2008,1.39225
12/09/2008,1.41745
15/09/2008,1.41895
16/09/2008,1.41215
17/09/2008,1.41935
18/09/2008,1.4376
19/09/2008,1.4407
22/09/2008,1.46365
23/09/2008,1.47265
24/09/2008,1.46645
25/09/2008,1.46685
26/09/2008,1.46065
29/09/2008,1.44345
30/09/2008,1.40465
01/10/2008,1.4002
02/10/2008,1.38025
03/10/2008,1.38075
06/10/2008,1.3499
07/10/2008,1.36375
08/10/2008,1.36455
09/10/2008,1.36495
10/10/2008,1.3506
13/10/2008,1.35865
14/10/2008,1.36315
15/10/2008,1.35815
16/10/2008,1.3405
17/10/2008,1.34515
20/10/2008,1.33075
21/10/2008,1.31865
22/10/2008,1.2907
23/10/2008,1.28835
24/10/2008,1.2736
27/10/2008,1.2449
28/10/2008,1.2475
29/10/2008,1.2851
30/10/2008,1.28505
31/10/2008,1.26805
03/11/2008,1.2759
04/11/2008,1.29675
05/11/2008,1.30575
06/11/2008,1.27845
07/11/2008,1.27855
10/11/2008,1.28185
11/11/2008,1.2546
12/11/2008,1.25225
13/11/2008,1.25685
14/11/2008,1.26785
17/11/2008,1.2642
18/11/2008,1.2645
19/11/2008,1.2654
20/11/2008,1.25235
21/11/2008,1.25095
24/11/2008,1.2829
25/11/2008,1.2988
26/11/2008,1.28925
27/11/2008,1.28755
28/11/2008,1.2689
01/12/2008,1.25955
02/12/2008,1.27165
03/12/2008,1.26905
04/12/2008,1.2738
05/12/2008,1.2677
08/12/2008,1.29295
09/12/2008,1.2895
10/12/2008,1.29875
11/12/2008,1.3231
12/12/2008,1.3371
15/12/2008,1.36715
16/12/2008,1.37605
17/12/2008,1.4326
18/12/2008,1.44785
19/12/2008,1.39325
22/12/2008,1.39215
23/12/2008,1.3942
24/12/2008,1.39865
25/12/2008,1.39865
26/12/2008,1.4054
29/12/2008,1.4236
30/12/2008,1.41445
31/12/2008,1.39005
01/01/2009,1.39005
02/01/2009,1.3934
05/01/2009,1.36335
06/01/2009,1.33825
07/01/2009,1.36475
08/01/2009,1.3718
09/01/2009,1.3509
12/01/2009,1.33515
13/01/2009,1.3176
14/01/2009,1.3164
15/01/2009,1.3064
16/01/2009,1.3251
19/01/2009,1.3152
20/01/2009,1.29125
21/01/2009,1.28755
22/01/2009,1.296
23/01/2009,1.27905
26/01/2009,1.31325
27/01/2009,1.31715
28/01/2009,1.3224
29/01/2009,1.30795
30/01/2009,1.2815
02/02/2009,1.28055
03/02/2009,1.29685
04/02/2009,1.2882
05/02/2009,1.28385
06/02/2009,1.28525
09/02/2009,1.30695
10/02/2009,1.30385
11/02/2009,1.29015
12/02/2009,1.27755
13/02/2009,1.29095
16/02/2009,1.2797
17/02/2009,1.25745
18/02/2009,1.25305
19/02/2009,1.26905
20/02/2009,1.26155
23/02/2009,1.27335
24/02/2009,1.27505
25/02/2009,1.26955
26/02/2009,1.27505
27/02/2009,1.27005
02/03/2009,1.25895
03/03/2009,1.25645
04/03/2009,1.25585
05/03/2009,1.2548
06/03/2009,1.26605
09/03/2009,1.2636
10/03/2009,1.27515
11/03/2009,1.27735
12/03/2009,1.27975
13/03/2009,1.2891
16/03/2009,1.29965
17/03/2009,1.29715
18/03/2009,1.311
19/03/2009,1.37295
20/03/2009,1.35655
23/03/2009,1.3568
24/03/2009,1.35235
25/03/2009,1.35395
26/03/2009,1.35595
27/03/2009,1.3306
30/03/2009,1.3165
31/03/2009,1.3277
01/04/2009,1.32285
02/04/2009,1.34425
03/04/2009,1.34245
06/04/2009,1.3406
07/04/2009,1.32725
08/04/2009,1.323
09/04/2009,1.32075
10/04/2009,1.32075
13/04/2009,1.33195
14/04/2009,1.32565
15/04/2009,1.31775
16/04/2009,1.31895
17/04/2009,1.3044
20/04/2009,1.29205
21/04/2009,1.29555
22/04/2009,1.30145
23/04/2009,1.30465
24/04/2009,1.32515
27/04/2009,1.3128
28/04/2009,1.30775
29/04/2009,1.32675
30/04/2009,1.3251
01/05/2009,1.3253
04/05/2009,1.3343
05/05/2009,1.33485
06/05/2009,1.33
07/05/2009,1.3414
08/05/2009,1.34845
11/05/2009,1.36225
12/05/2009,1.36455
13/05/2009,1.3603
14/05/2009,1.35885
15/05/2009,1.3595
18/05/2009,1.3492
19/05/2009,1.36115
20/05/2009,1.37825
21/05/2009,1.37685
22/05/2009,1.39895
25/05/2009,1.40075
26/05/2009,1.39865
27/05/2009,1.39295
28/05/2009,1.3942
29/05/2009,1.41545
01/06/2009,1.4157
02/06/2009,1.42985
03/06/2009,1.41885
04/06/2009,1.41885
05/06/2009,1.4008
08/06/2009,1.38585
09/06/2009,1.40045
10/06/2009,1.40065
11/06/2009,1.40715
12/06/2009,1.39965
15/06/2009,1.38345
16/06/2009,1.38905
17/06/2009,1.38645
18/06/2009,1.39615
19/06/2009,1.39265
22/06/2009,1.388
23/06/2009,1.40085
24/06/2009,1.40315
25/06/2009,1.39055
26/06/2009,1.40695
29/06/2009,1.40585
30/06/2009,1.40265
01/07/2009,1.4131
02/07/2009,1.40175
03/07/2009,1.40025
06/07/2009,1.39215
07/07/2009,1.40015
08/07/2009,1.38985
09/07/2009,1.39785
10/07/2009,1.39415
13/07/2009,1.3949
14/07/2009,1.39445
15/07/2009,1.40845
16/07/2009,1.41145
17/07/2009,1.41105
20/07/2009,1.42125
21/07/2009,1.42265
22/07/2009,1.4208
23/07/2009,1.42485
24/07/2009,1.42005
27/07/2009,1.4221
28/07/2009,1.41785
29/07/2009,1.40615
30/07/2009,1.40625
31/07/2009,1.41775
03/08/2009,1.4416
04/08/2009,1.43975
05/08/2009,1.4386
06/08/2009,1.43665
07/08/2009,1.4208
10/08/2009,1.41635
11/08/2009,1.41415
12/08/2009,1.42125
13/08/2009,1.42935
14/08/2009,1.42355
17/08/2009,1.40715
18/08/2009,1.41035
19/08/2009,1.42185
20/08/2009,1.42355
21/08/2009,1.4301
24/08/2009,1.432
25/08/2009,1.43285
26/08/2009,1.42315
27/08/2009,1.42275
28/08/2009,1.43735
31/08/2009,1.43505
01/09/2009,1.43035
02/09/2009,1.4238
03/09/2009,1.42585
04/09/2009,1.42335
07/09/2009,1.4336
08/09/2009,1.45145
09/09/2009,1.45815
10/09/2009,1.45645
11/09/2009,1.46125
14/09/2009,1.46305
15/09/2009,1.45985
16/09/2009,1.46875
17/09/2009,1.47445
18/09/2009,1.47225
21/09/2009,1.46565
22/09/2009,1.47925
23/09/2009,1.478
24/09/2009,1.4707
25/09/2009,1.4691
28/09/2009,1.46295
29/09/2009,1.45435
30/09/2009,1.4617
01/10/2009,1.45615
02/10/2009,1.4605
05/10/2009,1.4628
06/10/2009,1.47475
07/10/2009,1.46815
08/10/2009,1.47635
09/10/2009,1.47575
12/10/2009,1.48095
13/10/2009,1.4825
14/10/2009,1.49015
15/10/2009,1.49395
16/10/2009,1.48765
19/10/2009,1.49445
20/10/2009,1.4943
21/10/2009,1.49995
22/10/2009,1.50075
23/10/2009,1.5018
26/10/2009,1.49415
27/10/2009,1.48205
28/10/2009,1.47635
29/10/2009,1.48185
30/10/2009,1.47545
02/11/2009,1.48175
03/11/2009,1.46775
04/11/2009,1.48355
05/11/2009,1.48885
06/11/2009,1.4871
09/11/2009,1.50065
10/11/2009,1.4968
11/11/2009,1.49885
12/11/2009,1.48825
13/11/2009,1.48875
16/11/2009,1.49785
17/11/2009,1.48405
18/11/2009,1.49685
19/11/2009,1.48585
20/11/2009,1.48465
23/11/2009,1.498
24/11/2009,1.49475
25/11/2009,1.50545
26/11/2009,1.4987
27/11/2009,1.49775
30/11/2009,1.50135
01/12/2009,1.50935
02/12/2009,1.50755
03/12/2009,1.50875
04/12/2009,1.4889
07/12/2009,1.48285
08/12/2009,1.4735
09/12/2009,1.47455
10/12/2009,1.472
11/12/2009,1.4622
14/12/2009,1.46545
15/12/2009,1.45565
16/12/2009,1.45795
17/12/2009,1.4348
18/12/2009,1.4277
21/12/2009,1.43145
22/12/2009,1.4232
23/12/2009,1.43325
24/12/2009,1.4357
25/12/2009,1.4357
28/12/2009,1.43905
29/12/2009,1.44065
30/12/2009,1.4301
31/12/2009,1.43475
01/01/2010,1.43475
04/01/2010,1.44385
05/01/2010,1.44165
06/01/2010,1.43875
07/01/2010,1.43265
08/01/2010,1.43255
11/01/2010,1.45465
12/01/2010,1.454
13/01/2010,1.4508
14/01/2010,1.4474
15/01/2010,1.43685
18/01/2010,1.43845
19/01/2010,1.42815
20/01/2010,1.41155
21/01/2010,1.4055
22/01/2010,1.4129
25/01/2010,1.4156
26/01/2010,1.40575
27/01/2010,1.4041
28/01/2010,1.396
29/01/2010,1.38995
01/02/2010,1.38955
02/02/2010,1.39515
03/02/2010,1.39135
04/02/2010,1.378
05/02/2010,1.36705
08/02/2010,1.3701
09/02/2010,1.37355
10/02/2010,1.36985
11/02/2010,1.3606
12/02/2010,1.361
15/02/2010,1.35955
16/02/2010,1.3702
17/02/2010,1.36545
18/02/2010,1.36255
19/02/2010,1.35125
22/02/2010,1.3591
23/02/2010,1.35705
24/02/2010,1.3607
25/02/2010,1.3523
26/02/2010,1.3647
01/03/2010,1.34785
02/03/2010,1.356
03/03/2010,1.369
04/03/2010,1.3607
05/03/2010,1.3608
08/03/2010,1.36525
09/03/2010,1.3582
10/03/2010,1.36645
11/03/2010,1.3674
12/03/2010,1.37565
15/03/2010,1.36515
16/03/2010,1.3758
17/03/2010,1.3739
18/03/2010,1.3602
19/03/2010,1.3528
22/03/2010,1.35305
23/03/2010,1.35325
24/03/2010,1.3348
25/03/2010,1.3343
26/03/2010,1.33985
29/03/2010,1.3471
30/03/2010,1.3422
31/03/2010,1.3531
01/04/2010,1.35375
02/04/2010,1.35375
05/04/2010,1.35065
06/04/2010,1.33835
07/04/2010,1.33445
08/04/2010,1.33565
09/04/2010,1.34455
12/04/2010,1.3608
13/04/2010,1.35625
14/04/2010,1.36265
15/04/2010,1.3566
16/04/2010,1.35075
19/04/2010,1.3466
20/04/2010,1.34615
21/04/2010,1.3393
22/04/2010,1.33015
23/04/2010,1.33605
26/04/2010,1.3324
27/04/2010,1.33155
28/04/2010,1.3204
29/04/2010,1.3244
30/04/2010,1.32965
03/05/2010,1.3175
04/05/2010,1.3033
05/05/2010,1.2865
06/05/2010,1.27095
07/05/2010,1.26505
10/05/2010,1.28395
11/05/2010,1.26905
12/05/2010,1.26805
13/05/2010,1.2566
14/05/2010,1.2425
17/05/2010,1.23355
18/05/2010,1.23735
19/05/2010,1.23365
20/05/2010,1.23345
21/05/2010,1.2557
24/05/2010,1.2378
25/05/2010,1.2243
26/05/2010,1.22205
27/05/2010,1.2265
28/05/2010,1.23315
31/05/2010,1.22705
01/06/2010,1.22875
02/06/2010,1.22015
03/06/2010,1.22045
04/06/2010,1.2036
07/06/2010,1.193
08/06/2010,1.1948
09/06/2010,1.2057
10/06/2010,1.2106
11/06/2010,1.20935
14/06/2010,1.2277
15/06/2010,1.2308
16/06/2010,1.23165
17/06/2010,1.2355
18/06/2010,1.2383
21/06/2010,1.238
22/06/2010,1.2282
23/06/2010,1.22395
24/06/2010,1.2316
25/06/2010,1.2292
28/06/2010,1.2333
29/06/2010,1.2178
30/06/2010,1.2249
01/07/2010,1.2455
02/07/2010,1.26015
05/07/2010,1.25315
06/07/2010,1.26475
07/07/2010,1.2633
08/07/2010,1.268
09/07/2010,1.26335
12/07/2010,1.2585
13/07/2010,1.26695
14/07/2010,1.27295
15/07/2010,1.28935
16/07/2010,1.2952
19/07/2010,1.29675
20/07/2010,1.2884
21/07/2010,1.2818
22/07/2010,1.29075
23/07/2010,1.2818
26/07/2010,1.2936
27/07/2010,1.29845
28/07/2010,1.3015
29/07/2010,1.3085
30/07/2010,1.3028
02/08/2010,1.31855
03/08/2010,1.32215
04/08/2010,1.3144
05/08/2010,1.31555
06/08/2010,1.3292
09/08/2010,1.3245
10/08/2010,1.30875
11/08/2010,1.29
12/08/2010,1.28445
13/08/2010,1.2761
16/08/2010,1.2845
17/08/2010,1.287
18/08/2010,1.2854
19/08/2010,1.2866
20/08/2010,1.26855
23/08/2010,1.26565
24/08/2010,1.2683
25/08/2010,1.2627
26/08/2010,1.27385
27/08/2010,1.2719
30/08/2010,1.2687
31/08/2010,1.27095
01/09/2010,1.282
02/09/2010,1.2828
03/09/2010,1.28625
06/09/2010,1.2879
07/09/2010,1.27265
08/09/2010,1.2745
09/09/2010,1.2738
10/09/2010,1.2726
13/09/2010,1.28695
14/09/2010,1.29765
15/09/2010,1.30295
16/09/2010,1.31015
17/09/2010,1.30455
20/09/2010,1.30845
21/09/2010,1.31325
22/09/2010,1.34115
23/09/2010,1.3333
24/09/2010,1.3476
27/09/2010,1.34705
28/09/2010,1.3546
29/09/2010,1.3599
30/09/2010,1.3652
01/10/2010,1.37465
04/10/2010,1.36815
05/10/2010,1.38395
06/10/2010,1.38895
07/10/2010,1.39405
08/10/2010,1.39325
11/10/2010,1.3894
12/10/2010,1.38345
13/10/2010,1.39605
14/10/2010,1.40845
15/10/2010,1.40115
18/10/2010,1.3967
19/10/2010,1.37895
20/10/2010,1.39685
21/10/2010,1.4002
22/10/2010,1.39245
25/10/2010,1.39785
26/10/2010,1.38685
27/10/2010,1.3779
28/10/2010,1.39005
29/10/2010,1.3899
01/11/2010,1.3888
02/11/2010,1.40255
03/11/2010,1.4014
04/11/2010,1.42245
05/11/2010,1.4032
08/11/2010,1.39005
09/11/2010,1.39125
10/11/2010,1.36985
11/11/2010,1.36695
12/11/2010,1.37025
15/11/2010,1.3595
16/11/2010,1.3554
17/11/2010,1.35415
18/11/2010,1.3602
19/11/2010,1.36615
22/11/2010,1.3609
23/11/2010,1.34335
24/11/2010,1.3393
25/11/2010,1.33725
26/11/2010,1.32155
29/11/2010,1.3088
30/11/2010,1.30175
01/12/2010,1.3063
02/12/2010,1.31695
03/12/2010,1.33825
06/12/2010,1.32865
07/12/2010,1.33445
08/12/2010,1.32145
09/12/2010,1.3177
10/12/2010,1.3221
13/12/2010,1.33875
14/12/2010,1.33835
15/12/2010,1.3329
16/12/2010,1.31945
17/12/2010,1.315
20/12/2010,1.31005
21/12/2010,1.31335
22/12/2010,1.3097
23/12/2010,1.3068
24/12/2010,1.31195
27/12/2010,1.31505
28/12/2010,1.3132
29/12/2010,1.31365
30/12/2010,1.3282
31/12/2010,1.34155
03/01/2011,1.3362
04/01/2011,1.33175
05/01/2011,1.31445
06/01/2011,1.30355
07/01/2011,1.29825
10/01/2011,1.29395
11/01/2011,1.2933
12/01/2011,1.30615
13/01/2011,1.33345
14/01/2011,1.3362
17/01/2011,1.3288
18/01/2011,1.3391
19/01/2011,1.3493
20/01/2011,1.3412
21/01/2011,1.35845
24/01/2011,1.3675
25/01/2011,1.3673
26/01/2011,1.3692
27/01/2011,1.37315
28/01/2011,1.3625
31/01/2011,1.371
01/02/2011,1.3792
02/02/2011,1.3809
03/02/2011,1.3631
04/02/2011,1.3554
07/02/2011,1.3543
08/02/2011,1.3672
09/02/2011,1.3707
10/02/2011,1.3601
11/02/2011,1.3551
14/02/2011,1.3461
15/02/2011,1.35135
16/02/2011,1.35175
17/02/2011,1.3579
18/02/2011,1.3637
21/02/2011,1.367
22/02/2011,1.36945
23/02/2011,1.3762
24/02/2011,1.37905
25/02/2011,1.37475
28/02/2011,1.3812
01/03/2011,1.3829
02/03/2011,1.388
03/03/2011,1.39395
04/03/2011,1.399
07/03/2011,1.4014
08/03/2011,1.3899
09/03/2011,1.3921
10/03/2011,1.3799
11/03/2011,1.38395
14/03/2011,1.3975
15/03/2011,1.3968
16/03/2011,1.3921
17/03/2011,1.4021
18/03/2011,1.4138
21/03/2011,1.41845
22/03/2011,1.42115
23/03/2011,1.41235
24/03/2011,1.42
25/03/2011,1.4144
28/03/2011,1.4106
29/03/2011,1.40685
30/03/2011,1.4095
31/03/2011,1.4191
01/04/2011,1.4146
04/04/2011,1.42345
05/04/2011,1.4206
06/04/2011,1.4347
07/04/2011,1.42905
08/04/2011,1.4435
11/04/2011,1.44525
12/04/2011,1.4495
13/04/2011,1.4503
14/04/2011,1.44595
15/04/2011,1.4418
18/04/2011,1.4205
19/04/2011,1.43135
20/04/2011,1.45105
21/04/2011,1.45705
22/04/2011,1.45705
25/04/2011,1.456
26/04/2011,1.4626
27/04/2011,1.4642
28/04/2011,1.4823
29/04/2011,1.4836
02/05/2011,1.48915
03/05/2011,1.4841
04/05/2011,1.48825
05/05/2011,1.46125
06/05/2011,1.45065
09/05/2011,1.4266
10/05/2011,1.4356
11/05/2011,1.4296
12/05/2011,1.41955
13/05/2011,1.4205
16/05/2011,1.4236
17/05/2011,1.41675
18/05/2011,1.42505
19/05/2011,1.42515
20/05/2011,1.41525
23/05/2011,1.4022
24/05/2011,1.41035
25/05/2011,1.407
26/05/2011,1.40995
27/05/2011,1.426
30/05/2011,1.42705
31/05/2011,1.4376
01/06/2011,1.44255
02/06/2011,1.444
03/06/2011,1.45665
06/06/2011,1.4603
07/06/2011,1.46825
08/06/2011,1.4607
09/06/2011,1.4507
10/06/2011,1.4359
13/06/2011,1.4376
14/06/2011,1.4478
15/06/2011,1.4291
16/06/2011,1.4142
17/06/2011,1.43075
20/06/2011,1.4312
21/06/2011,1.4373
22/06/2011,1.4434
23/06/2011,1.41485
24/06/2011,1.4165
27/06/2011,1.42815
28/06/2011,1.4363
29/06/2011,1.4396
30/06/2011,1.44985
01/07/2011,1.44825
04/07/2011,1.4512
05/07/2011,1.4464
06/07/2011,1.4306
07/07/2011,1.43665
08/07/2011,1.42585
11/07/2011,1.399
12/07/2011,1.39855
13/07/2011,1.41615
14/07/2011,1.41555
15/07/2011,1.41235
18/07/2011,1.40255
19/07/2011,1.41905
20/07/2011,1.41965
21/07/2011,1.43795
22/07/2011,1.43655
25/07/2011,1.43365
26/07/2011,1.44855
27/07/2011,1.43835
28/07/2011,1.43
29/07/2011,1.437
01/08/2011,1.4201
02/08/2011,1.4218
03/08/2011,1.4292
04/08/2011,1.41565
05/08/2011,1.4193
08/08/2011,1.41885
09/08/2011,1.4221
10/08/2011,1.41825
11/08/2011,1.4269
12/08/2011,1.42155
15/08/2011,1.44455
16/08/2011,1.43985
17/08/2011,1.44535
18/08/2011,1.43165
19/08/2011,1.44185
22/08/2011,1.43815
23/08/2011,1.4391
24/08/2011,1.4409
25/08/2011,1.4352
26/08/2011,1.43595
29/08/2011,1.4535
30/08/2011,1.44335
31/08/2011,1.4398
01/09/2011,1.42505
02/09/2011,1.42085
05/09/2011,1.4112
06/09/2011,1.4034
07/09/2011,1.4036
08/09/2011,1.4004
09/09/2011,1.37125
12/09/2011,1.36095
13/09/2011,1.3678
14/09/2011,1.36715
15/09/2011,1.38495
16/09/2011,1.37845
19/09/2011,1.3613
20/09/2011,1.3711
21/09/2011,1.3691
22/09/2011,1.3465
23/09/2011,1.35185
26/09/2011,1.34715
27/09/2011,1.3635
28/09/2011,1.3601
29/09/2011,1.36485
30/09/2011,1.3417
03/10/2011,1.3274
04/10/2011,1.3278
05/10/2011,1.33095
06/10/2011,1.34035
07/10/2011,1.3492
10/10/2011,1.3655
11/10/2011,1.3637
12/10/2011,1.3796
13/10/2011,1.37055
14/10/2011,1.3865
17/10/2011,1.3764
18/10/2011,1.3684
19/10/2011,1.3802
20/10/2011,1.3698
21/10/2011,1.38975
24/10/2011,1.3884
25/10/2011,1.3905
26/10/2011,1.382
27/10/2011,1.41425
28/10/2011,1.4176
31/10/2011,1.3948
01/11/2011,1.3676
02/11/2011,1.3801
03/11/2011,1.3743
04/11/2011,1.3759
07/11/2011,1.3751
08/11/2011,1.3807
09/11/2011,1.35855
10/11/2011,1.3587
11/11/2011,1.3735
14/11/2011,1.3633
15/11/2011,1.3523
16/11/2011,1.353
17/11/2011,1.3514
18/11/2011,1.3523
21/11/2011,1.34675
22/11/2011,1.3495
23/11/2011,1.33515
24/11/2011,1.33225
25/11/2011,1.3269
28/11/2011,1.33515
29/11/2011,1.3335
30/11/2011,1.34615
01/12/2011,1.347
02/12/2011,1.34305
05/12/2011,1.3468
06/12/2011,1.33825
07/12/2011,1.33905
08/12/2011,1.3312
09/12/2011,1.3365
12/12/2011,1.3216
13/12/2011,1.3087
14/12/2011,1.2951
15/12/2011,1.29975
16/12/2011,1.3047
19/12/2011,1.3018
20/12/2011,1.311
21/12/2011,1.30475
22/12/2011,1.3065
23/12/2011,1.3039
26/12/2011,1.3039
27/12/2011,1.3066
28/12/2011,1.29465
29/12/2011,1.29145
30/12/2011,1.29815
02/01/2012,1.29815
03/01/2012,1.3053
04/01/2012,1.2909
05/01/2012,1.2793
06/01/2012,1.2714
09/01/2012,1.27375
10/01/2012,1.2778
11/01/2012,1.26865
12/01/2012,1.2797
13/01/2012,1.26665
16/01/2012,1.26725
17/01/2012,1.2737
18/01/2012,1.28165
19/01/2012,1.28925
20/01/2012,1.29195
23/01/2012,1.3047
24/01/2012,1.29805
25/01/2012,1.29735
26/01/2012,1.3157
27/01/2012,1.3132
30/01/2012,1.3114
31/01/2012,1.30905
01/02/2012,1.3198
02/02/2012,1.3172
03/02/2012,1.3122
06/02/2012,1.3078
07/02/2012,1.3242
08/02/2012,1.3254
09/02/2012,1.3304
10/02/2012,1.3189
13/02/2012,1.32165
14/02/2012,1.3131
15/02/2012,1.3066
16/02/2012,1.3042
17/02/2012,1.3163
20/02/2012,1.3267
21/02/2012,1.32645
22/02/2012,1.3241
23/02/2012,1.3314
24/02/2012,1.3463
27/02/2012,1.3395
28/02/2012,1.34235
29/02/2012,1.3377
01/03/2012,1.3332
02/03/2012,1.3205
05/03/2012,1.32325
06/03/2012,1.31155
07/03/2012,1.31205
08/03/2012,1.3273
09/03/2012,1.31195
12/03/2012,1.314
13/03/2012,1.3109
14/03/2012,1.3026
15/03/2012,1.30705
16/03/2012,1.3171
19/03/2012,1.3242
20/03/2012,1.32205
21/03/2012,1.319
22/03/2012,1.31945
23/03/2012,1.3263
26/03/2012,1.3326
27/03/2012,1.3322
28/03/2012,1.32885
29/03/2012,1.3277
30/03/2012,1.3317
02/04/2012,1.3301
03/04/2012,1.3339
04/04/2012,1.31175
05/04/2012,1.3063
06/04/2012,1.3063
09/04/2012,1.30705
10/04/2012,1.3083
11/04/2012,1.31205
12/04/2012,1.31745
13/04/2012,1.3083
16/04/2012,1.3062
17/04/2012,1.3141
18/04/2012,1.31225
19/04/2012,1.3143
20/04/2012,1.3208
23/04/2012,1.31245
24/04/2012,1.3203
25/04/2012,1.3184
26/04/2012,1.32295
27/04/2012,1.32595
30/04/2012,1.32355
01/05/2012,1.3225
02/05/2012,1.3152
03/05/2012,1.31525
04/05/2012,1.3114
07/05/2012,1.3049
08/05/2012,1.2995
09/05/2012,1.29315
10/05/2012,1.296
11/05/2012,1.2944
14/05/2012,1.2838
15/05/2012,1.2775
16/05/2012,1.2741
17/05/2012,1.2708
18/05/2012,1.2722
21/05/2012,1.2768
22/05/2012,1.2758
23/05/2012,1.25835
24/05/2012,1.25825
25/05/2012,1.2512
28/05/2012,1.2538
29/05/2012,1.2536
30/05/2012,1.23925
31/05/2012,1.23645
01/06/2012,1.2363
04/06/2012,1.2496
05/06/2012,1.2464
06/06/2012,1.2498
07/06/2012,1.2563
08/06/2012,1.2467
11/06/2012,1.2511
12/06/2012,1.2457
13/06/2012,1.2574
14/06/2012,1.25965
15/06/2012,1.2625
18/06/2012,1.25795
19/06/2012,1.26765
20/06/2012,1.27025
21/06/2012,1.2606
22/06/2012,1.25355
25/06/2012,1.248
26/06/2012,1.2471
27/06/2012,1.2457
28/06/2012,1.24265
29/06/2012,1.26905
02/07/2012,1.2584
03/07/2012,1.2606
04/07/2012,1.251
05/07/2012,1.2381
06/07/2012,1.2307
09/07/2012,1.22995
10/07/2012,1.22555
11/07/2012,1.22495
12/07/2012,1.2184
13/07/2012,1.2244
16/07/2012,1.224
17/07/2012,1.2213
18/07/2012,1.22645
19/07/2012,1.2261
20/07/2012,1.21675
23/07/2012,1.2117
24/07/2012,1.2085
25/07/2012,1.21235
26/07/2012,1.23
27/07/2012,1.237
30/07/2012,1.22425
31/07/2012,1.23155
01/08/2012,1.2297
02/08/2012,1.21595
03/08/2012,1.234
06/08/2012,1.2413
07/08/2012,1.242
08/08/2012,1.2357
09/08/2012,1.2309
10/08/2012,1.2314
13/08/2012,1.23515
14/08/2012,1.23215
15/08/2012,1.2282
16/08/2012,1.2363
17/08/2012,1.2297
20/08/2012,1.2341
21/08/2012,1.248
22/08/2012,1.24675
23/08/2012,1.2583
24/08/2012,1.2517
27/08/2012,1.25165
28/08/2012,1.25665
29/08/2012,1.25275
30/08/2012,1.2498
31/08/2012,1.2605
03/09/2012,1.2583
04/09/2012,1.2562
05/09/2012,1.2603
06/09/2012,1.2635
07/09/2012,1.2801
10/09/2012,1.2786
11/09/2012,1.2846
12/09/2012,1.28885
13/09/2012,1.2907
14/09/2012,1.31475
17/09/2012,1.3137
18/09/2012,1.30555
19/09/2012,1.30575
20/09/2012,1.2952
21/09/2012,1.2989
24/09/2012,1.29155
25/09/2012,1.29625
26/09/2012,1.284
27/09/2012,1.28615
28/09/2012,1.2865
01/10/2012,1.2905
02/10/2012,1.2935
03/10/2012,1.29015
04/10/2012,1.3005
05/10/2012,1.306
08/10/2012,1.2969
09/10/2012,1.2896
10/10/2012,1.29015
11/10/2012,1.2943
12/10/2012,1.2967
15/10/2012,1.2936
16/10/2012,1.3023
17/10/2012,1.3121
18/10/2012,1.3092
19/10/2012,1.3031
22/10/2012,1.30705
23/10/2012,1.2964
24/10/2012,1.2969
25/10/2012,1.29595
26/10/2012,1.29315
29/10/2012,1.2905
30/10/2012,1.2978
31/10/2012,1.2958
01/11/2012,1.2937
02/11/2012,1.2845
05/11/2012,1.2783
06/11/2012,1.28015
07/11/2012,1.2755
08/11/2012,1.2727
09/11/2012,1.2709
12/11/2012,1.2711
13/11/2012,1.2711
14/11/2012,1.27285
15/11/2012,1.2792
16/11/2012,1.27055
19/11/2012,1.2815
20/11/2012,1.28025
21/11/2012,1.2819
22/11/2012,1.2885
23/11/2012,1.29585
26/11/2012,1.2965
27/11/2012,1.2931
28/11/2012,1.29095
29/11/2012,1.29785
30/11/2012,1.3006
03/12/2012,1.30715
04/12/2012,1.30865
05/12/2012,1.3068
06/12/2012,1.29865
07/12/2012,1.2928
10/12/2012,1.2926
11/12/2012,1.2999
12/12/2012,1.304
13/12/2012,1.30875
14/12/2012,1.3109
17/12/2012,1.31615
18/12/2012,1.3213
19/12/2012,1.32595
20/12/2012,1.3237
21/12/2012,1.31745
24/12/2012,1.3195
25/12/2012,1.3195
26/12/2012,1.3222
27/12/2012,1.32225
28/12/2012,1.3221
31/12/2012,1.3184
01/01/2013,1.3184
02/01/2013,1.32395
03/01/2013,1.30955
04/01/2013,1.3045
07/01/2013,1.3099
08/01/2013,1.3066
09/01/2013,1.3043
10/01/2013,1.32135
11/01/2013,1.33455
14/01/2013,1.3366
15/01/2013,1.3348
16/01/2013,1.32965
17/01/2013,1.3358
18/01/2013,1.32915
21/01/2013,1.3315
22/01/2013,1.32865
23/01/2013,1.3281
24/01/2013,1.3374
25/01/2013,1.3475
28/01/2013,1.3461
29/01/2013,1.3478
30/01/2013,1.35695
31/01/2013,1.3574
01/02/2013,1.3696
04/02/2013,1.35585
05/02/2013,1.35285
06/02/2013,1.3538
07/02/2013,1.33895
08/02/2013,1.33805
11/02/2013,1.3379
12/02/2013,1.34645
13/02/2013,1.34365
14/02/2013,1.33415
15/02/2013,1.33505
18/02/2013,1.3351
19/02/2013,1.33565
20/02/2013,1.337
21/02/2013,1.32225
22/02/2013,1.3162
25/02/2013,1.32145
26/02/2013,1.3073
27/02/2013,1.3109
28/02/2013,1.30735
01/03/2013,1.2984
04/03/2013,1.30095
05/03/2013,1.30265
06/03/2013,1.3
07/03/2013,1.30825
08/03/2013,1.29815
11/03/2013,1.30145
12/03/2013,1.3021
13/03/2013,1.29495
14/03/2013,1.29805
15/03/2013,1.3066
18/03/2013,1.2958
19/03/2013,1.28865
20/03/2013,1.295
21/03/2013,1.29255
22/03/2013,1.2997
25/03/2013,1.28825
26/03/2013,1.2859
27/03/2013,1.2781
28/03/2013,1.2841
29/03/2013,1.2841
01/04/2013,1.2847
02/04/2013,1.28385
03/04/2013,1.2848
04/04/2013,1.2854
05/04/2013,1.3022
08/04/2013,1.3017
09/04/2013,1.30575
10/04/2013,1.3085
11/04/2013,1.31265
12/04/2013,1.30975
15/04/2013,1.3084
16/04/2013,1.313
17/04/2013,1.3042
18/04/2013,1.3082
19/04/2013,1.30815
22/04/2013,1.30305
23/04/2013,1.3015
24/04/2013,1.29955
25/04/2013,1.3006
26/04/2013,1.3027
29/04/2013,1.31
30/04/2013,1.3184
01/05/2013,1.3193
02/05/2013,1.3073
03/05/2013,1.31165
06/05/2013,1.30565
07/05/2013,1.3085
08/05/2013,1.31735
09/05/2013,1.3095
10/05/2013,1.2972
13/05/2013,1.29825
14/05/2013,1.29785
15/05/2013,1.2862
16/05/2013,1.2917
17/05/2013,1.2824
20/05/2013,1.28565
21/05/2013,1.28725
22/05/2013,1.28765
23/05/2013,1.2902
24/05/2013,1.29305
27/05/2013,1.2939
28/05/2013,1.28555
29/05/2013,1.2967
30/05/2013,1.30545
31/05/2013,1.296
03/06/2013,1.30295
04/06/2013,1.30715
05/06/2013,1.3086
06/06/2013,1.31945
07/06/2013,1.32205
10/06/2013,1.31945
11/06/2013,1.32745
12/06/2013,1.33365
13/06/2013,1.32995
14/06/2013,1.334
17/06/2013,1.33475
18/06/2013,1.33925
19/06/2013,1.3404
20/06/2013,1.3175
21/06/2013,1.31365
24/06/2013,1.30945
25/06/2013,1.30745
26/06/2013,1.30025
27/06/2013,1.3003
28/06/2013,1.29985
01/07/2013,1.30355
02/07/2013,1.30345
03/07/2013,1.2972
04/07/2013,1.29135
05/07/2013,1.28345
08/07/2013,1.28645
09/07/2013,1.2786
10/07/2013,1.28575
11/07/2013,1.3041
12/07/2013,1.30535
15/07/2013,1.30475
16/07/2013,1.31375
17/07/2013,1.30935
18/07/2013,1.30915
19/07/2013,1.31395
22/07/2013,1.31935
23/07/2013,1.32185
24/07/2013,1.32365
25/07/2013,1.32355
26/07/2013,1.32645
29/07/2013,1.32535
30/07/2013,1.3251
31/07/2013,1.32785
01/08/2013,1.32335
02/08/2013,1.3283
05/08/2013,1.324
06/08/2013,1.33095
07/08/2013,1.3319
08/08/2013,1.33855
09/08/2013,1.33515
12/08/2013,1.32935
13/08/2013,1.32365
14/08/2013,1.32665
15/08/2013,1.32515
16/08/2013,1.3333
19/08/2013,1.33505
20/08/2013,1.34265
21/08/2013,1.3377
22/08/2013,1.3345
23/08/2013,1.34035
26/08/2013,1.33745
27/08/2013,1.33935
28/08/2013,1.33405
29/08/2013,1.32245
30/08/2013,1.3186
02/09/2013,1.31885
03/09/2013,1.3157
04/09/2013,1.31975
05/09/2013,1.3119
06/09/2013,1.3158
09/09/2013,1.3253
10/09/2013,1.32665
11/09/2013,1.33015
12/09/2013,1.33085
13/09/2013,1.32595
16/09/2013,1.33525
17/09/2013,1.3349
18/09/2013,1.3348
19/09/2013,1.35425
20/09/2013,1.35095
23/09/2013,1.34925
24/09/2013,1.34925
25/09/2013,1.35075
26/09/2013,1.3481
27/09/2013,1.35415
30/09/2013,1.35365
01/10/2013,1.35255
02/10/2013,1.35905
03/10/2013,1.36235
04/10/2013,1.35955
07/10/2013,1.35715
08/10/2013,1.35965
09/10/2013,1.35165
10/10/2013,1.35225
11/10/2013,1.35625
14/10/2013,1.3586
15/10/2013,1.35035
16/10/2013,1.34915
17/10/2013,1.3664
18/10/2013,1.36955
21/10/2013,1.36755
22/10/2013,1.37735
23/10/2013,1.37825
24/10/2013,1.38035
25/10/2013,1.3794
28/10/2013,1.37855
29/10/2013,1.37695
30/10/2013,1.3771
31/10/2013,1.3595
01/11/2013,1.34875
04/11/2013,1.35105
05/11/2013,1.34745
06/11/2013,1.35275
07/11/2013,1.33825
08/11/2013,1.33495
11/11/2013,1.34075
12/11/2013,1.34375
13/11/2013,1.34045
14/11/2013,1.34585
15/11/2013,1.34745
18/11/2013,1.3525
19/11/2013,1.3525
20/11/2013,1.34635
21/11/2013,1.34615
22/11/2013,1.35245
25/11/2013,1.35065
26/11/2013,1.35605
27/11/2013,1.35745
28/11/2013,1.35995
29/11/2013,1.36155
02/12/2013,1.35565
03/12/2013,1.35875
04/12/2013,1.35565
05/12/2013,1.36565
06/12/2013,1.3684
09/12/2013,1.37195
10/12/2013,1.37715
11/12/2013,1.37905
12/12/2013,1.37535
13/12/2013,1.37305
16/12/2013,1.3754
17/12/2013,1.37305
18/12/2013,1.37625
19/12/2013,1.36685
20/12/2013,1.36705
23/12/2013,1.37065
24/12/2013,1.3667
25/12/2013,1.3667
26/12/2013,1.36925
27/12/2013,1.37775
30/12/2013,1.38145
31/12/2013,1.37795
01/01/2014,1.37795
02/01/2014,1.36585
03/01/2014,1.36135
06/01/2014,1.36425
07/01/2014,1.36065
08/01/2014,1.36005
09/01/2014,1.35855
10/01/2014,1.3672
13/01/2014,1.36535
14/01/2014,1.36875
15/01/2014,1.35945
16/01/2014,1.36015
17/01/2014,1.35575
20/01/2014,1.35635
21/01/2014,1.35445
22/01/2014,1.35645
23/01/2014,1.36805
24/01/2014,1.36855
27/01/2014,1.36735
28/01/2014,1.3664
29/01/2014,1.36445
30/01/2014,1.35635
31/01/2014,1.34855
03/02/2014,1.35185
04/02/2014,1.35105
05/02/2014,1.35325
06/02/2014,1.35995
07/02/2014,1.36185
10/02/2014,1.36475
11/02/2014,1.36765
12/02/2014,1.35885
13/02/2014,1.3666
14/02/2014,1.3686
17/02/2014,1.37025
18/02/2014,1.3751
19/02/2014,1.37535
20/02/2014,1.37125
21/02/2014,1.3745
24/02/2014,1.37265
25/02/2014,1.37335
26/02/2014,1.3667
27/02/2014,1.36815
28/02/2014,1.38115
03/03/2014,1.37735
04/03/2014,1.37425
05/03/2014,1.37395
06/03/2014,1.384
07/03/2014,1.3862
10/03/2014,1.38795
11/03/2014,1.38665
12/03/2014,1.3905
13/03/2014,1.39275
14/03/2014,1.3925
17/03/2014,1.3927
18/03/2014,1.3913
19/03/2014,1.39095
20/03/2014,1.37835
21/03/2014,1.37825
24/03/2014,1.37835
25/03/2014,1.37775
26/03/2014,1.37855
27/03/2014,1.37395
28/03/2014,1.37525
31/03/2014,1.37825
01/04/2014,1.37945
02/04/2014,1.3768
03/04/2014,1.37165
04/04/2014,1.36935
07/04/2014,1.3742
08/04/2014,1.37945
09/04/2014,1.38245
10/04/2014,1.3881
11/04/2014,1.38875
14/04/2014,1.38155
15/04/2014,1.3824
16/04/2014,1.38065
17/04/2014,1.38355
18/04/2014,1.38355
21/04/2014,1.3804
22/04/2014,1.37965
23/04/2014,1.38295
24/04/2014,1.38195
25/04/2014,1.38375
28/04/2014,1.38445
29/04/2014,1.38175
30/04/2014,1.38655
01/05/2014,1.38655
02/05/2014,1.38655
05/05/2014,1.38785
06/05/2014,1.3933
07/05/2014,1.39225
